
Cadence Innovus(TM) Implementation System.
Copyright 2021 Cadence Design Systems, Inc. All rights reserved worldwide.

Version:	v21.19-s058_1, built Thu Apr 4 09:59:17 PDT 2024
Options:	-stylus -no_gui -batch -files ../../../scr/pnr_partition.tcl -log ../../../../phy/log/pnr_Silago_bot_3_AVF_RCBEST.lib_.log 
Date:		Tue Dec 30 13:26:37 2025
Host:		il2225ht25_jacome (x86_64 w/Linux 5.15.0-164-generic) (12cores*48cpus*Intel(R) Xeon(R) CPU E7-8857 v2 @ 3.00GHz 30720KB)
OS:		Rocky Linux 8.10 (Green Obsidian)

License:
		[13:26:37.443828] Configured Lic search path (21.01-s002): 27020@lic04.ug.kth.se:27020@lic05.ug.kth.se:3000@lic08.ug.kth.se:29000@lic06.ug.kth.se

		invs	Innovus Implementation System	21.1	checkout succeeded
		8 CPU jobs allowed with the current license(s). Use set_multi_cpu_usage to set your required CPU count.

Cadence Innovus(TM) Implementation System.
Copyright 2021 Cadence Design Systems, Inc. All rights reserved worldwide.

Version:	v21.19-s058_1, built Thu Apr 4 09:59:17 PDT 2024
Options:	-stylus -no_gui -batch -files ../../../scr/pnr_partition.tcl -log ../../../../phy/log/pnr_Silago_top_right_corner_AVF_RCBEST.constr.warn_.log 
Date:		Tue Dec 30 13:26:35 2025
Host:		il2225ht25_jacome (x86_64 w/Linux 5.15.0-164-generic) (12cores*48cpus*Intel(R) Xeon(R) CPU E7-8857 v2 @ 3.00GHz 30720KB)
OS:		Rocky Linux 8.10 (Green Obsidian)

License:
		[13:26:35.443812] Configured Lic search path (21.01-s002): 27020@lic04.ug.kth.se:27020@lic05.ug.kth.se:3000@lic08.ug.kth.se:29000@lic06.ug.kth.se

		invs	Innovus Implementation System	21.1	Denied
		invsb	Innovus Implementation System Basic	21.1	Denied
		fexl	First Encounter XL	21.1	Denied
		vdixl	Virtuoso Digital Implementation XL	21.1	Denied
		vdi	Virtuoso Digital Implementation	21.1	Denied
		fel	First Encounter L	21.1	Denied
		License checkout failed ... Still trying ...

		License wait time (0 minutes) has expired.
		Use `-wait <t>` at command line for more wait time.
		No valid licenses available at this time. Use "lmstat -a" to check availability and usage of licenses.


Cadence Innovus(TM) Implementation System.
Copyright 2021 Cadence Design Systems, Inc. All rights reserved worldwide.

Version:	v21.19-s058_1, built Thu Apr 4 09:59:17 PDT 2024
Options:	-stylus -no_gui -batch -files ../../../scr/pnr_partition.tcl -log ../../../../phy/log/pnr_user.attrdef_.log 
Date:		Tue Dec 30 13:26:35 2025
Host:		il2225ht25_jacome (x86_64 w/Linux 5.15.0-164-generic) (12cores*48cpus*Intel(R) Xeon(R) CPU E7-8857 v2 @ 3.00GHz 30720KB)
OS:		Rocky Linux 8.10 (Green Obsidian)

License:
		[13:26:35.443812] Configured Lic search path (21.01-s002): 27020@lic04.ug.kth.se:27020@lic05.ug.kth.se:3000@lic08.ug.kth.se:29000@lic06.ug.kth.se

		invs	Innovus Implementation System	21.1	Denied
		invsb	Innovus Implementation System Basic	21.1	Denied
		fexl	First Encounter XL	21.1	Denied
		vdixl	Virtuoso Digital Implementation XL	21.1	Denied
		vdi	Virtuoso Digital Implementation	21.1	Denied
		fel	First Encounter L	21.1	Denied
		License checkout failed ... Still trying ...

		License wait time (0 minutes) has expired.
		Use `-wait <t>` at command line for more wait time.
		No valid licenses available at this time. Use "lmstat -a" to check availability and usage of licenses.


Cadence Innovus(TM) Implementation System.
Copyright 2021 Cadence Design Systems, Inc. All rights reserved worldwide.

Version:	v21.19-s058_1, built Thu Apr 4 09:59:17 PDT 2024
Options:	-stylus -no_gui -batch -files ../../../scr/pnr_partition.tcl -log ../../../../phy/log/pnr_user.attrdef_.log 
Date:		Tue Dec 30 13:26:35 2025
Host:		il2225ht25_jacome (x86_64 w/Linux 5.15.0-164-generic) (12cores*48cpus*Intel(R) Xeon(R) CPU E7-8857 v2 @ 3.00GHz 30720KB)
OS:		Rocky Linux 8.10 (Green Obsidian)

License:
		[13:26:35.443812] Configured Lic search path (21.01-s002): 27020@lic04.ug.kth.se:27020@lic05.ug.kth.se:3000@lic08.ug.kth.se:29000@lic06.ug.kth.se

		invs	Innovus Implementation System	21.1	Denied
		invsb	Innovus Implementation System Basic	21.1	Denied
		fexl	First Encounter XL	21.1	Denied
		vdixl	Virtuoso Digital Implementation XL	21.1	Denied
		vdi	Virtuoso Digital Implementation	21.1	Denied
		fel	First Encounter L	21.1	Denied
		License checkout failed ... Still trying ...

		License wait time (0 minutes) has expired.
		Use `-wait <t>` at command line for more wait time.
		No valid licenses available at this time. Use "lmstat -a" to check availability and usage of licenses.


Cadence Innovus(TM) Implementation System.
Copyright 2021 Cadence Design Systems, Inc. All rights reserved worldwide.

Version:	v21.19-s058_1, built Thu Apr 4 09:59:17 PDT 2024
Options:	-stylus -no_gui -batch -files ../../../scr/pnr_partition.tcl -log ../../../../phy/log/pnr_Silago_bot_2_AVF_RCBEST.lib_.log 
Date:		Tue Dec 30 13:26:38 2025
Host:		il2225ht25_jacome (x86_64 w/Linux 5.15.0-164-generic) (12cores*48cpus*Intel(R) Xeon(R) CPU E7-8857 v2 @ 3.00GHz 30720KB)
OS:		Rocky Linux 8.10 (Green Obsidian)

License:
		[13:26:38.443836] Configured Lic search path (21.01-s002): 27020@lic04.ug.kth.se:27020@lic05.ug.kth.se:3000@lic08.ug.kth.se:29000@lic06.ug.kth.se

		invs	Innovus Implementation System	21.1	checkout succeeded
		8 CPU jobs allowed with the current license(s). Use set_multi_cpu_usage to set your required CPU count.
** NOTE: Created directory path '../../../../phy/log' for file '../../../../phy/log/pnr_Silago_top_right_corner.enc.dat:_.log'.

Cadence Innovus(TM) Implementation System.
Copyright 2021 Cadence Design Systems, Inc. All rights reserved worldwide.

Version:	v21.19-s058_1, built Thu Apr 4 09:59:17 PDT 2024
Options:	-stylus -no_gui -batch -files ../../../scr/pnr_partition.tcl -log ../../../../phy/log/pnr_Silago_top_right_corner.enc.dat:_.log 
Date:		Tue Dec 30 13:26:33 2025
Host:		il2225ht25_jacome (x86_64 w/Linux 5.15.0-164-generic) (12cores*48cpus*Intel(R) Xeon(R) CPU E7-8857 v2 @ 3.00GHz 30720KB)
OS:		Rocky Linux 8.10 (Green Obsidian)

License:
		[13:26:33.443796] Configured Lic search path (21.01-s002): 27020@lic04.ug.kth.se:27020@lic05.ug.kth.se:3000@lic08.ug.kth.se:29000@lic06.ug.kth.se

		invs	Innovus Implementation System	21.1	Denied
		invsb	Innovus Implementation System Basic	21.1	Denied
		fexl	First Encounter XL	21.1	Denied
		vdixl	Virtuoso Digital Implementation XL	21.1	Denied
		vdi	Virtuoso Digital Implementation	21.1	Denied
		fel	First Encounter L	21.1	Denied
		License checkout failed ... Still trying ...

		License wait time (0 minutes) has expired.
		Use `-wait <t>` at command line for more wait time.
		No valid licenses available at this time. Use "lmstat -a" to check availability and usage of licenses.


Cadence Innovus(TM) Implementation System.
Copyright 2021 Cadence Design Systems, Inc. All rights reserved worldwide.

Version:	v21.19-s058_1, built Thu Apr 4 09:59:17 PDT 2024
Options:	-stylus -no_gui -batch -files ../../../scr/pnr_partition.tcl -log ../../../../phy/log/pnr_Silago_top_right_corner.prop_.log 
Date:		Tue Dec 30 13:26:34 2025
Host:		il2225ht25_jacome (x86_64 w/Linux 5.15.0-164-generic) (12cores*48cpus*Intel(R) Xeon(R) CPU E7-8857 v2 @ 3.00GHz 30720KB)
OS:		Rocky Linux 8.10 (Green Obsidian)

License:
		[13:26:34.443804] Configured Lic search path (21.01-s002): 27020@lic04.ug.kth.se:27020@lic05.ug.kth.se:3000@lic08.ug.kth.se:29000@lic06.ug.kth.se

		invs	Innovus Implementation System	21.1	Denied
		invsb	Innovus Implementation System Basic	21.1	Denied
		fexl	First Encounter XL	21.1	Denied
		vdixl	Virtuoso Digital Implementation XL	21.1	Denied
		vdi	Virtuoso Digital Implementation	21.1	Denied
		fel	First Encounter L	21.1	Denied
		License checkout failed ... Still trying ...

		License wait time (0 minutes) has expired.
		Use `-wait <t>` at command line for more wait time.
		No valid licenses available at this time. Use "lmstat -a" to check availability and usage of licenses.


Cadence Innovus(TM) Implementation System.
Copyright 2021 Cadence Design Systems, Inc. All rights reserved worldwide.

Version:	v21.19-s058_1, built Thu Apr 4 09:59:17 PDT 2024
Options:	-stylus -no_gui -batch -files ../../../scr/pnr_partition.tcl -log ../../../../phy/log/pnr_Silago_top_right_corner.globals_.log 
Date:		Tue Dec 30 13:26:34 2025
Host:		il2225ht25_jacome (x86_64 w/Linux 5.15.0-164-generic) (12cores*48cpus*Intel(R) Xeon(R) CPU E7-8857 v2 @ 3.00GHz 30720KB)
OS:		Rocky Linux 8.10 (Green Obsidian)

License:
		[13:26:34.443804] Configured Lic search path (21.01-s002): 27020@lic04.ug.kth.se:27020@lic05.ug.kth.se:3000@lic08.ug.kth.se:29000@lic06.ug.kth.se

		invs	Innovus Implementation System	21.1	Denied
		invsb	Innovus Implementation System Basic	21.1	Denied
		fexl	First Encounter XL	21.1	Denied
		vdixl	Virtuoso Digital Implementation XL	21.1	Denied
		vdi	Virtuoso Digital Implementation	21.1	Denied
		fel	First Encounter L	21.1	Denied
		License checkout failed ... Still trying ...

		License wait time (0 minutes) has expired.
		Use `-wait <t>` at command line for more wait time.
		No valid licenses available at this time. Use "lmstat -a" to check availability and usage of licenses.


Cadence Innovus(TM) Implementation System.
Copyright 2021 Cadence Design Systems, Inc. All rights reserved worldwide.

Version:	v21.19-s058_1, built Thu Apr 4 09:59:17 PDT 2024
Options:	-stylus -no_gui -batch -files ../../../scr/pnr_partition.tcl -log ../../../../phy/log/pnr_Silago_top_right_corner.route.gz_.log 
Date:		Tue Dec 30 13:26:34 2025
Host:		il2225ht25_jacome (x86_64 w/Linux 5.15.0-164-generic) (12cores*48cpus*Intel(R) Xeon(R) CPU E7-8857 v2 @ 3.00GHz 30720KB)
OS:		Rocky Linux 8.10 (Green Obsidian)

License:
		[13:26:34.443804] Configured Lic search path (21.01-s002): 27020@lic04.ug.kth.se:27020@lic05.ug.kth.se:3000@lic08.ug.kth.se:29000@lic06.ug.kth.se

		invs	Innovus Implementation System	21.1	Denied
		invsb	Innovus Implementation System Basic	21.1	Denied
		fexl	First Encounter XL	21.1	Denied
		vdixl	Virtuoso Digital Implementation XL	21.1	Denied
		vdi	Virtuoso Digital Implementation	21.1	Denied
		fel	First Encounter L	21.1	Denied
		License checkout failed ... Still trying ...

		License wait time (0 minutes) has expired.
		Use `-wait <t>` at command line for more wait time.
		No valid licenses available at this time. Use "lmstat -a" to check availability and usage of licenses.


Cadence Innovus(TM) Implementation System.
Copyright 2021 Cadence Design Systems, Inc. All rights reserved worldwide.

Version:	v21.19-s058_1, built Thu Apr 4 09:59:17 PDT 2024
Options:	-stylus -no_gui -batch -files ../../../scr/pnr_partition.tcl -log ../../../../phy/log/pnr_Silago_top_right_corner.lef.info.gz_.log 
Date:		Tue Dec 30 13:26:34 2025
Host:		il2225ht25_jacome (x86_64 w/Linux 5.15.0-164-generic) (12cores*48cpus*Intel(R) Xeon(R) CPU E7-8857 v2 @ 3.00GHz 30720KB)
OS:		Rocky Linux 8.10 (Green Obsidian)

License:
		[13:26:34.443804] Configured Lic search path (21.01-s002): 27020@lic04.ug.kth.se:27020@lic05.ug.kth.se:3000@lic08.ug.kth.se:29000@lic06.ug.kth.se

		invs	Innovus Implementation System	21.1	Denied
		invsb	Innovus Implementation System Basic	21.1	Denied
		fexl	First Encounter XL	21.1	Denied
		vdixl	Virtuoso Digital Implementation XL	21.1	Denied
		vdi	Virtuoso Digital Implementation	21.1	Denied
		fel	First Encounter L	21.1	Denied
		License checkout failed ... Still trying ...

		License wait time (0 minutes) has expired.
		Use `-wait <t>` at command line for more wait time.
		No valid licenses available at this time. Use "lmstat -a" to check availability and usage of licenses.


Cadence Innovus(TM) Implementation System.
Copyright 2021 Cadence Design Systems, Inc. All rights reserved worldwide.

Version:	v21.19-s058_1, built Thu Apr 4 09:59:17 PDT 2024
Options:	-stylus -no_gui -batch -files ../../../scr/pnr_partition.tcl -log ../../../../phy/log/pnr_Silago_top_right_corner.place.gz_.log 
Date:		Tue Dec 30 13:26:35 2025
Host:		il2225ht25_jacome (x86_64 w/Linux 5.15.0-164-generic) (12cores*48cpus*Intel(R) Xeon(R) CPU E7-8857 v2 @ 3.00GHz 30720KB)
OS:		Rocky Linux 8.10 (Green Obsidian)

License:
		[13:26:35.443812] Configured Lic search path (21.01-s002): 27020@lic04.ug.kth.se:27020@lic05.ug.kth.se:3000@lic08.ug.kth.se:29000@lic06.ug.kth.se

		invs	Innovus Implementation System	21.1	Denied
		invsb	Innovus Implementation System Basic	21.1	Denied
		fexl	First Encounter XL	21.1	Denied
		vdixl	Virtuoso Digital Implementation XL	21.1	Denied
		vdi	Virtuoso Digital Implementation	21.1	Denied
		fel	First Encounter L	21.1	Denied
		License checkout failed ... Still trying ...

		License wait time (0 minutes) has expired.
		Use `-wait <t>` at command line for more wait time.
		No valid licenses available at this time. Use "lmstat -a" to check availability and usage of licenses.


Cadence Innovus(TM) Implementation System.
Copyright 2021 Cadence Design Systems, Inc. All rights reserved worldwide.

Version:	v21.19-s058_1, built Thu Apr 4 09:59:17 PDT 2024
Options:	-stylus -no_gui -batch -files ../../../scr/pnr_partition.tcl -log ../../../../phy/log/pnr_viewDefinition.tcl_.log 
Date:		Tue Dec 30 13:26:34 2025
Host:		il2225ht25_jacome (x86_64 w/Linux 5.15.0-164-generic) (12cores*48cpus*Intel(R) Xeon(R) CPU E7-8857 v2 @ 3.00GHz 30720KB)
OS:		Rocky Linux 8.10 (Green Obsidian)

License:
		[13:26:34.443804] Configured Lic search path (21.01-s002): 27020@lic04.ug.kth.se:27020@lic05.ug.kth.se:3000@lic08.ug.kth.se:29000@lic06.ug.kth.se

		invs	Innovus Implementation System	21.1	Denied
		invsb	Innovus Implementation System Basic	21.1	Denied
		fexl	First Encounter XL	21.1	Denied
		vdixl	Virtuoso Digital Implementation XL	21.1	Denied
		vdi	Virtuoso Digital Implementation	21.1	Denied
		fel	First Encounter L	21.1	Denied
		License checkout failed ... Still trying ...

		License wait time (0 minutes) has expired.
		Use `-wait <t>` at command line for more wait time.
		No valid licenses available at this time. Use "lmstat -a" to check availability and usage of licenses.


Cadence Innovus(TM) Implementation System.
Copyright 2021 Cadence Design Systems, Inc. All rights reserved worldwide.

Version:	v21.19-s058_1, built Thu Apr 4 09:59:17 PDT 2024
Options:	-stylus -no_gui -batch -files ../../../scr/pnr_partition.tcl -log ../../../../phy/log/pnr_Silago_top_right_corner.mode_.log 
Date:		Tue Dec 30 13:26:34 2025
Host:		il2225ht25_jacome (x86_64 w/Linux 5.15.0-164-generic) (12cores*48cpus*Intel(R) Xeon(R) CPU E7-8857 v2 @ 3.00GHz 30720KB)
OS:		Rocky Linux 8.10 (Green Obsidian)

License:
		[13:26:34.443804] Configured Lic search path (21.01-s002): 27020@lic04.ug.kth.se:27020@lic05.ug.kth.se:3000@lic08.ug.kth.se:29000@lic06.ug.kth.se

		invs	Innovus Implementation System	21.1	Denied
		invsb	Innovus Implementation System Basic	21.1	Denied
		fexl	First Encounter XL	21.1	Denied
		vdixl	Virtuoso Digital Implementation XL	21.1	Denied
		vdi	Virtuoso Digital Implementation	21.1	Denied
		fel	First Encounter L	21.1	Denied
		License checkout failed ... Still trying ...

		License wait time (0 minutes) has expired.
		Use `-wait <t>` at command line for more wait time.
		No valid licenses available at this time. Use "lmstat -a" to check availability and usage of licenses.


Cadence Innovus(TM) Implementation System.
Copyright 2021 Cadence Design Systems, Inc. All rights reserved worldwide.

Version:	v21.19-s058_1, built Thu Apr 4 09:59:17 PDT 2024
Options:	-stylus -no_gui -batch -files ../../../scr/pnr_partition.tcl -log ../../../../phy/log/pnr_viewDefinition.tcl_.log 
Date:		Tue Dec 30 13:26:35 2025
Host:		il2225ht25_jacome (x86_64 w/Linux 5.15.0-164-generic) (12cores*48cpus*Intel(R) Xeon(R) CPU E7-8857 v2 @ 3.00GHz 30720KB)
OS:		Rocky Linux 8.10 (Green Obsidian)

License:
		[13:26:35.443812] Configured Lic search path (21.01-s002): 27020@lic04.ug.kth.se:27020@lic05.ug.kth.se:3000@lic08.ug.kth.se:29000@lic06.ug.kth.se

		invs	Innovus Implementation System	21.1	Denied
		invsb	Innovus Implementation System Basic	21.1	Denied
		fexl	First Encounter XL	21.1	Denied
		vdixl	Virtuoso Digital Implementation XL	21.1	Denied
		vdi	Virtuoso Digital Implementation	21.1	Denied
		fel	First Encounter L	21.1	Denied
		License checkout failed ... Still trying ...

		License wait time (0 minutes) has expired.
		Use `-wait <t>` at command line for more wait time.
		No valid licenses available at this time. Use "lmstat -a" to check availability and usage of licenses.


Cadence Innovus(TM) Implementation System.
Copyright 2021 Cadence Design Systems, Inc. All rights reserved worldwide.

Version:	v21.19-s058_1, built Thu Apr 4 09:59:17 PDT 2024
Options:	-stylus -no_gui -batch -files ../../../scr/pnr_partition.tcl -log ../../../../phy/log/pnr_Silago_top_right_corner.def.gz_.log 
Date:		Tue Dec 30 13:26:34 2025
Host:		il2225ht25_jacome (x86_64 w/Linux 5.15.0-164-generic) (12cores*48cpus*Intel(R) Xeon(R) CPU E7-8857 v2 @ 3.00GHz 30720KB)
OS:		Rocky Linux 8.10 (Green Obsidian)

License:
		[13:26:34.443804] Configured Lic search path (21.01-s002): 27020@lic04.ug.kth.se:27020@lic05.ug.kth.se:3000@lic08.ug.kth.se:29000@lic06.ug.kth.se

		invs	Innovus Implementation System	21.1	Denied
		invsb	Innovus Implementation System Basic	21.1	Denied
		fexl	First Encounter XL	21.1	Denied
		vdixl	Virtuoso Digital Implementation XL	21.1	Denied
		vdi	Virtuoso Digital Implementation	21.1	Denied
		fel	First Encounter L	21.1	Denied
		License checkout failed ... Still trying ...

		License wait time (0 minutes) has expired.
		Use `-wait <t>` at command line for more wait time.
		No valid licenses available at this time. Use "lmstat -a" to check availability and usage of licenses.


Cadence Innovus(TM) Implementation System.
Copyright 2021 Cadence Design Systems, Inc. All rights reserved worldwide.

Version:	v21.19-s058_1, built Thu Apr 4 09:59:17 PDT 2024
Options:	-stylus -no_gui -batch -files ../../../scr/pnr_partition.tcl -log ../../../../phy/log/pnr_Silago_top_right_corner.fp.gz_.log 
Date:		Tue Dec 30 13:26:34 2025
Host:		il2225ht25_jacome (x86_64 w/Linux 5.15.0-164-generic) (12cores*48cpus*Intel(R) Xeon(R) CPU E7-8857 v2 @ 3.00GHz 30720KB)
OS:		Rocky Linux 8.10 (Green Obsidian)

License:
		[13:26:34.443804] Configured Lic search path (21.01-s002): 27020@lic04.ug.kth.se:27020@lic05.ug.kth.se:3000@lic08.ug.kth.se:29000@lic06.ug.kth.se

		invs	Innovus Implementation System	21.1	Denied
		invsb	Innovus Implementation System Basic	21.1	Denied
		fexl	First Encounter XL	21.1	Denied
		vdixl	Virtuoso Digital Implementation XL	21.1	Denied
		vdi	Virtuoso Digital Implementation	21.1	Denied
		fel	First Encounter L	21.1	Denied
		License checkout failed ... Still trying ...

		License wait time (0 minutes) has expired.
		Use `-wait <t>` at command line for more wait time.
		No valid licenses available at this time. Use "lmstat -a" to check availability and usage of licenses.


Cadence Innovus(TM) Implementation System.
Copyright 2021 Cadence Design Systems, Inc. All rights reserved worldwide.

Version:	v21.19-s058_1, built Thu Apr 4 09:59:17 PDT 2024
Options:	-stylus -no_gui -batch -files ../../../scr/pnr_partition.tcl -log ../../../../phy/log/pnr_Silago_top_right_corner_AVF_RCBEST.constr.pt_.log 
Date:		Tue Dec 30 13:26:35 2025
Host:		il2225ht25_jacome (x86_64 w/Linux 5.15.0-164-generic) (12cores*48cpus*Intel(R) Xeon(R) CPU E7-8857 v2 @ 3.00GHz 30720KB)
OS:		Rocky Linux 8.10 (Green Obsidian)

License:
		[13:26:35.443812] Configured Lic search path (21.01-s002): 27020@lic04.ug.kth.se:27020@lic05.ug.kth.se:3000@lic08.ug.kth.se:29000@lic06.ug.kth.se

		invs	Innovus Implementation System	21.1	Denied
		invsb	Innovus Implementation System Basic	21.1	Denied
		fexl	First Encounter XL	21.1	Denied
		vdixl	Virtuoso Digital Implementation XL	21.1	Denied
		vdi	Virtuoso Digital Implementation	21.1	Denied
		fel	First Encounter L	21.1	Denied
		License checkout failed ... Still trying ...

		License wait time (0 minutes) has expired.
		Use `-wait <t>` at command line for more wait time.
		No valid licenses available at this time. Use "lmstat -a" to check availability and usage of licenses.


Cadence Innovus(TM) Implementation System.
Copyright 2021 Cadence Design Systems, Inc. All rights reserved worldwide.

Version:	v21.19-s058_1, built Thu Apr 4 09:59:17 PDT 2024
Options:	-stylus -no_gui -batch -files ../../../scr/pnr_partition.tcl -log ../../../../phy/log/pnr_Silago_top_right_corner.pg.gz_.log 
Date:		Tue Dec 30 13:26:35 2025
Host:		il2225ht25_jacome (x86_64 w/Linux 5.15.0-164-generic) (12cores*48cpus*Intel(R) Xeon(R) CPU E7-8857 v2 @ 3.00GHz 30720KB)
OS:		Rocky Linux 8.10 (Green Obsidian)

License:
		[13:26:35.443812] Configured Lic search path (21.01-s002): 27020@lic04.ug.kth.se:27020@lic05.ug.kth.se:3000@lic08.ug.kth.se:29000@lic06.ug.kth.se

		invs	Innovus Implementation System	21.1	Denied
		invsb	Innovus Implementation System Basic	21.1	Denied
		fexl	First Encounter XL	21.1	Denied
		vdixl	Virtuoso Digital Implementation XL	21.1	Denied
		vdi	Virtuoso Digital Implementation	21.1	Denied
		fel	First Encounter L	21.1	Denied
		License checkout failed ... Still trying ...

		License wait time (0 minutes) has expired.
		Use `-wait <t>` at command line for more wait time.
		No valid licenses available at this time. Use "lmstat -a" to check availability and usage of licenses.


Cadence Innovus(TM) Implementation System.
Copyright 2021 Cadence Design Systems, Inc. All rights reserved worldwide.

Version:	v21.19-s058_1, built Thu Apr 4 09:59:17 PDT 2024
Options:	-stylus -no_gui -batch -files ../../../scr/pnr_partition.tcl -log ../../../../phy/log/pnr_Silago_top_right_corner.init_.log 
Date:		Tue Dec 30 13:26:34 2025
Host:		il2225ht25_jacome (x86_64 w/Linux 5.15.0-164-generic) (12cores*48cpus*Intel(R) Xeon(R) CPU E7-8857 v2 @ 3.00GHz 30720KB)
OS:		Rocky Linux 8.10 (Green Obsidian)

License:
		[13:26:34.443804] Configured Lic search path (21.01-s002): 27020@lic04.ug.kth.se:27020@lic05.ug.kth.se:3000@lic08.ug.kth.se:29000@lic06.ug.kth.se

		invs	Innovus Implementation System	21.1	Denied
		invsb	Innovus Implementation System Basic	21.1	Denied
		fexl	First Encounter XL	21.1	Denied
		vdixl	Virtuoso Digital Implementation XL	21.1	Denied
		vdi	Virtuoso Digital Implementation	21.1	Denied
		fel	First Encounter L	21.1	Denied
		License checkout failed ... Still trying ...

		License wait time (0 minutes) has expired.
		Use `-wait <t>` at command line for more wait time.
		No valid licenses available at this time. Use "lmstat -a" to check availability and usage of licenses.


Cadence Innovus(TM) Implementation System.
Copyright 2021 Cadence Design Systems, Inc. All rights reserved worldwide.

Version:	v21.19-s058_1, built Thu Apr 4 09:59:17 PDT 2024
Options:	-stylus -no_gui -batch -files ../../../scr/pnr_partition.tcl -log ../../../../phy/log/pnr_Silago_bot_0.partition.lef_.log 
Date:		Tue Dec 30 13:26:36 2025
Host:		il2225ht25_jacome (x86_64 w/Linux 5.15.0-164-generic) (12cores*48cpus*Intel(R) Xeon(R) CPU E7-8857 v2 @ 3.00GHz 30720KB)
OS:		Rocky Linux 8.10 (Green Obsidian)

License:
		[13:26:36.443820] Configured Lic search path (21.01-s002): 27020@lic04.ug.kth.se:27020@lic05.ug.kth.se:3000@lic08.ug.kth.se:29000@lic06.ug.kth.se

		invs	Innovus Implementation System	21.1	Denied
		invsb	Innovus Implementation System Basic	21.1	Denied
		fexl	First Encounter XL	21.1	Denied
		vdixl	Virtuoso Digital Implementation XL	21.1	Denied
		vdi	Virtuoso Digital Implementation	21.1	Denied
		fel	First Encounter L	21.1	Denied
		License checkout failed ... Still trying ...

		License wait time (0 minutes) has expired.
		Use `-wait <t>` at command line for more wait time.
		No valid licenses available at this time. Use "lmstat -a" to check availability and usage of licenses.


Cadence Innovus(TM) Implementation System.
Copyright 2021 Cadence Design Systems, Inc. All rights reserved worldwide.

Version:	v21.19-s058_1, built Thu Apr 4 09:59:17 PDT 2024
Options:	-stylus -no_gui -batch -files ../../../scr/pnr_partition.tcl -log ../../../../phy/log/pnr_Silago_bot_0_AVF_RCWORST.lib_.log 
Date:		Tue Dec 30 13:26:35 2025
Host:		il2225ht25_jacome (x86_64 w/Linux 5.15.0-164-generic) (12cores*48cpus*Intel(R) Xeon(R) CPU E7-8857 v2 @ 3.00GHz 30720KB)
OS:		Rocky Linux 8.10 (Green Obsidian)

License:
		[13:26:35.443812] Configured Lic search path (21.01-s002): 27020@lic04.ug.kth.se:27020@lic05.ug.kth.se:3000@lic08.ug.kth.se:29000@lic06.ug.kth.se

		invs	Innovus Implementation System	21.1	Denied
		invsb	Innovus Implementation System Basic	21.1	Denied
		fexl	First Encounter XL	21.1	Denied
		vdixl	Virtuoso Digital Implementation XL	21.1	Denied
		vdi	Virtuoso Digital Implementation	21.1	Denied
		fel	First Encounter L	21.1	Denied
		License checkout failed ... Still trying ...

		License wait time (0 minutes) has expired.
		Use `-wait <t>` at command line for more wait time.
		No valid licenses available at this time. Use "lmstat -a" to check availability and usage of licenses.


Cadence Innovus(TM) Implementation System.
Copyright 2021 Cadence Design Systems, Inc. All rights reserved worldwide.

Version:	v21.19-s058_1, built Thu Apr 4 09:59:17 PDT 2024
Options:	-stylus -no_gui -batch -files ../../../scr/pnr_partition.tcl -log ../../../../phy/log/pnr_Silago_bot_2_AVF_RCTYP.lib_.log 
Date:		Tue Dec 30 13:26:35 2025
Host:		il2225ht25_jacome (x86_64 w/Linux 5.15.0-164-generic) (12cores*48cpus*Intel(R) Xeon(R) CPU E7-8857 v2 @ 3.00GHz 30720KB)
OS:		Rocky Linux 8.10 (Green Obsidian)

License:
		[13:26:35.443812] Configured Lic search path (21.01-s002): 27020@lic04.ug.kth.se:27020@lic05.ug.kth.se:3000@lic08.ug.kth.se:29000@lic06.ug.kth.se

		invs	Innovus Implementation System	21.1	Denied
		invsb	Innovus Implementation System Basic	21.1	Denied
		fexl	First Encounter XL	21.1	Denied
		vdixl	Virtuoso Digital Implementation XL	21.1	Denied
		vdi	Virtuoso Digital Implementation	21.1	Denied
		fel	First Encounter L	21.1	Denied
		License checkout failed ... Still trying ...

		License wait time (0 minutes) has expired.
		Use `-wait <t>` at command line for more wait time.
		No valid licenses available at this time. Use "lmstat -a" to check availability and usage of licenses.


Cadence Innovus(TM) Implementation System.
Copyright 2021 Cadence Design Systems, Inc. All rights reserved worldwide.

Version:	v21.19-s058_1, built Thu Apr 4 09:59:17 PDT 2024
Options:	-stylus -no_gui -batch -files ../../../scr/pnr_partition.tcl -log ../../../../phy/log/pnr_pnr_.log 
Date:		Tue Dec 30 13:26:36 2025
Host:		il2225ht25_jacome (x86_64 w/Linux 5.15.0-164-generic) (12cores*48cpus*Intel(R) Xeon(R) CPU E7-8857 v2 @ 3.00GHz 30720KB)
OS:		Rocky Linux 8.10 (Green Obsidian)

License:
		[13:26:36.443820] Configured Lic search path (21.01-s002): 27020@lic04.ug.kth.se:27020@lic05.ug.kth.se:3000@lic08.ug.kth.se:29000@lic06.ug.kth.se

		invs	Innovus Implementation System	21.1	Denied
		invsb	Innovus Implementation System Basic	21.1	Denied
		fexl	First Encounter XL	21.1	Denied
		vdixl	Virtuoso Digital Implementation XL	21.1	Denied
		vdi	Virtuoso Digital Implementation	21.1	Denied
		fel	First Encounter L	21.1	Denied
		License checkout failed ... Still trying ...

		License wait time (0 minutes) has expired.
		Use `-wait <t>` at command line for more wait time.
		No valid licenses available at this time. Use "lmstat -a" to check availability and usage of licenses.


Cadence Innovus(TM) Implementation System.
Copyright 2021 Cadence Design Systems, Inc. All rights reserved worldwide.

Version:	v21.19-s058_1, built Thu Apr 4 09:59:17 PDT 2024
Options:	-stylus -no_gui -batch -files ../../../scr/pnr_partition.tcl -log ../../../../phy/log/pnr_mmmc_.log 
Date:		Tue Dec 30 13:26:36 2025
Host:		il2225ht25_jacome (x86_64 w/Linux 5.15.0-164-generic) (12cores*48cpus*Intel(R) Xeon(R) CPU E7-8857 v2 @ 3.00GHz 30720KB)
OS:		Rocky Linux 8.10 (Green Obsidian)

License:
		[13:26:36.443820] Configured Lic search path (21.01-s002): 27020@lic04.ug.kth.se:27020@lic05.ug.kth.se:3000@lic08.ug.kth.se:29000@lic06.ug.kth.se

		invs	Innovus Implementation System	21.1	Denied
		invsb	Innovus Implementation System Basic	21.1	Denied
		fexl	First Encounter XL	21.1	Denied
		vdixl	Virtuoso Digital Implementation XL	21.1	Denied
		vdi	Virtuoso Digital Implementation	21.1	Denied
		fel	First Encounter L	21.1	Denied
		License checkout failed ... Still trying ...

		License wait time (0 minutes) has expired.
		Use `-wait <t>` at command line for more wait time.
		No valid licenses available at this time. Use "lmstat -a" to check availability and usage of licenses.


Cadence Innovus(TM) Implementation System.
Copyright 2021 Cadence Design Systems, Inc. All rights reserved worldwide.

Version:	v21.19-s058_1, built Thu Apr 4 09:59:17 PDT 2024
Options:	-stylus -no_gui -batch -files ../../../scr/pnr_partition.tcl -log ../../../../phy/log/pnr_Silago_bot_3_AVF_RCTYP.lib_.log 
Date:		Tue Dec 30 13:26:36 2025
Host:		il2225ht25_jacome (x86_64 w/Linux 5.15.0-164-generic) (12cores*48cpus*Intel(R) Xeon(R) CPU E7-8857 v2 @ 3.00GHz 30720KB)
OS:		Rocky Linux 8.10 (Green Obsidian)

License:
		[13:26:36.443820] Configured Lic search path (21.01-s002): 27020@lic04.ug.kth.se:27020@lic05.ug.kth.se:3000@lic08.ug.kth.se:29000@lic06.ug.kth.se

		invs	Innovus Implementation System	21.1	Denied
		invsb	Innovus Implementation System Basic	21.1	Denied
		fexl	First Encounter XL	21.1	Denied
		vdixl	Virtuoso Digital Implementation XL	21.1	Denied
		vdi	Virtuoso Digital Implementation	21.1	Denied
		fel	First Encounter L	21.1	Denied
		License checkout failed ... Still trying ...

		License wait time (0 minutes) has expired.
		Use `-wait <t>` at command line for more wait time.
		No valid licenses available at this time. Use "lmstat -a" to check availability and usage of licenses.


Cadence Innovus(TM) Implementation System.
Copyright 2021 Cadence Design Systems, Inc. All rights reserved worldwide.

Version:	v21.19-s058_1, built Thu Apr 4 09:59:17 PDT 2024
Options:	-stylus -no_gui -batch -files ../../../scr/pnr_partition.tcl -log ../../../../phy/log/pnr_Silago_bot_1_AVF_RCWORST.lib_.log 
Date:		Tue Dec 30 13:26:36 2025
Host:		il2225ht25_jacome (x86_64 w/Linux 5.15.0-164-generic) (12cores*48cpus*Intel(R) Xeon(R) CPU E7-8857 v2 @ 3.00GHz 30720KB)
OS:		Rocky Linux 8.10 (Green Obsidian)

License:
		[13:26:36.443820] Configured Lic search path (21.01-s002): 27020@lic04.ug.kth.se:27020@lic05.ug.kth.se:3000@lic08.ug.kth.se:29000@lic06.ug.kth.se

		invs	Innovus Implementation System	21.1	Denied
		invsb	Innovus Implementation System Basic	21.1	Denied
		fexl	First Encounter XL	21.1	Denied
		vdixl	Virtuoso Digital Implementation XL	21.1	Denied
		vdi	Virtuoso Digital Implementation	21.1	Denied
		fel	First Encounter L	21.1	Denied
		License checkout failed ... Still trying ...

		License wait time (0 minutes) has expired.
		Use `-wait <t>` at command line for more wait time.
		No valid licenses available at this time. Use "lmstat -a" to check availability and usage of licenses.


Cadence Innovus(TM) Implementation System.
Copyright 2021 Cadence Design Systems, Inc. All rights reserved worldwide.

Version:	v21.19-s058_1, built Thu Apr 4 09:59:17 PDT 2024
Options:	-stylus -no_gui -batch -files ../../../scr/pnr_partition.tcl -log ../../../../phy/log/pnr_root.post_.log 
Date:		Tue Dec 30 13:26:36 2025
Host:		il2225ht25_jacome (x86_64 w/Linux 5.15.0-164-generic) (12cores*48cpus*Intel(R) Xeon(R) CPU E7-8857 v2 @ 3.00GHz 30720KB)
OS:		Rocky Linux 8.10 (Green Obsidian)

License:
		[13:26:36.443820] Configured Lic search path (21.01-s002): 27020@lic04.ug.kth.se:27020@lic05.ug.kth.se:3000@lic08.ug.kth.se:29000@lic06.ug.kth.se

		invs	Innovus Implementation System	21.1	Denied
		invsb	Innovus Implementation System Basic	21.1	Denied
		fexl	First Encounter XL	21.1	Denied
		vdixl	Virtuoso Digital Implementation XL	21.1	Denied
		vdi	Virtuoso Digital Implementation	21.1	Denied
		fel	First Encounter L	21.1	Denied
		License checkout failed ... Still trying ...

		License wait time (0 minutes) has expired.
		Use `-wait <t>` at command line for more wait time.
		No valid licenses available at this time. Use "lmstat -a" to check availability and usage of licenses.


Cadence Innovus(TM) Implementation System.
Copyright 2021 Cadence Design Systems, Inc. All rights reserved worldwide.

Version:	v21.19-s058_1, built Thu Apr 4 09:59:17 PDT 2024
Options:	-stylus -no_gui -batch -files ../../../scr/pnr_partition.tcl -log ../../../../phy/log/pnr_vbin_.log 
Date:		Tue Dec 30 13:26:36 2025
Host:		il2225ht25_jacome (x86_64 w/Linux 5.15.0-164-generic) (12cores*48cpus*Intel(R) Xeon(R) CPU E7-8857 v2 @ 3.00GHz 30720KB)
OS:		Rocky Linux 8.10 (Green Obsidian)

License:
		[13:26:36.443820] Configured Lic search path (21.01-s002): 27020@lic04.ug.kth.se:27020@lic05.ug.kth.se:3000@lic08.ug.kth.se:29000@lic06.ug.kth.se

		invs	Innovus Implementation System	21.1	Denied
		invsb	Innovus Implementation System Basic	21.1	Denied
		fexl	First Encounter XL	21.1	Denied
		vdixl	Virtuoso Digital Implementation XL	21.1	Denied
		vdi	Virtuoso Digital Implementation	21.1	Denied
		fel	First Encounter L	21.1	Denied
		License checkout failed ... Still trying ...

		License wait time (0 minutes) has expired.
		Use `-wait <t>` at command line for more wait time.
		No valid licenses available at this time. Use "lmstat -a" to check availability and usage of licenses.


Cadence Innovus(TM) Implementation System.
Copyright 2021 Cadence Design Systems, Inc. All rights reserved worldwide.

Version:	v21.19-s058_1, built Thu Apr 4 09:59:17 PDT 2024
Options:	-stylus -no_gui -batch -files ../../../scr/pnr_partition.tcl -log ../../../../phy/log/pnr_Silago_bot_0_AVF_RCBEST.lib_.log 
Date:		Tue Dec 30 13:26:36 2025
Host:		il2225ht25_jacome (x86_64 w/Linux 5.15.0-164-generic) (12cores*48cpus*Intel(R) Xeon(R) CPU E7-8857 v2 @ 3.00GHz 30720KB)
OS:		Rocky Linux 8.10 (Green Obsidian)

License:
		[13:26:36.443820] Configured Lic search path (21.01-s002): 27020@lic04.ug.kth.se:27020@lic05.ug.kth.se:3000@lic08.ug.kth.se:29000@lic06.ug.kth.se

		invs	Innovus Implementation System	21.1	Denied
		invsb	Innovus Implementation System Basic	21.1	Denied
		fexl	First Encounter XL	21.1	Denied
		vdixl	Virtuoso Digital Implementation XL	21.1	Denied
		vdi	Virtuoso Digital Implementation	21.1	Denied
		fel	First Encounter L	21.1	Denied
		License checkout failed ... Still trying ...

		License wait time (0 minutes) has expired.
		Use `-wait <t>` at command line for more wait time.
		No valid licenses available at this time. Use "lmstat -a" to check availability and usage of licenses.


Cadence Innovus(TM) Implementation System.
Copyright 2021 Cadence Design Systems, Inc. All rights reserved worldwide.

Version:	v21.19-s058_1, built Thu Apr 4 09:59:17 PDT 2024
Options:	-stylus -no_gui -batch -files ../../../scr/pnr_partition.tcl -log ../../../../phy/log/pnr_Silago_bot_3_AVF_RCWORST.lib_.log 
Date:		Tue Dec 30 13:26:36 2025
Host:		il2225ht25_jacome (x86_64 w/Linux 5.15.0-164-generic) (12cores*48cpus*Intel(R) Xeon(R) CPU E7-8857 v2 @ 3.00GHz 30720KB)
OS:		Rocky Linux 8.10 (Green Obsidian)

License:
		[13:26:36.443820] Configured Lic search path (21.01-s002): 27020@lic04.ug.kth.se:27020@lic05.ug.kth.se:3000@lic08.ug.kth.se:29000@lic06.ug.kth.se

		invs	Innovus Implementation System	21.1	Denied
		invsb	Innovus Implementation System Basic	21.1	Denied
		fexl	First Encounter XL	21.1	Denied
		vdixl	Virtuoso Digital Implementation XL	21.1	Denied
		vdi	Virtuoso Digital Implementation	21.1	Denied
		fel	First Encounter L	21.1	Denied
		License checkout failed ... Still trying ...

		License wait time (0 minutes) has expired.
		Use `-wait <t>` at command line for more wait time.
		No valid licenses available at this time. Use "lmstat -a" to check availability and usage of licenses.


Cadence Innovus(TM) Implementation System.
Copyright 2021 Cadence Design Systems, Inc. All rights reserved worldwide.

Version:	v21.19-s058_1, built Thu Apr 4 09:59:17 PDT 2024
Options:	-stylus -no_gui -batch -files ../../../scr/pnr_partition.tcl -log ../../../../phy/log/pnr_Silago_bot_left_corner.partition.lef_.log 
Date:		Tue Dec 30 13:26:37 2025
Host:		il2225ht25_jacome (x86_64 w/Linux 5.15.0-164-generic) (12cores*48cpus*Intel(R) Xeon(R) CPU E7-8857 v2 @ 3.00GHz 30720KB)
OS:		Rocky Linux 8.10 (Green Obsidian)

License:
		[13:26:37.443828] Configured Lic search path (21.01-s002): 27020@lic04.ug.kth.se:27020@lic05.ug.kth.se:3000@lic08.ug.kth.se:29000@lic06.ug.kth.se

		invs	Innovus Implementation System	21.1	Denied
		invsb	Innovus Implementation System Basic	21.1	Denied
		fexl	First Encounter XL	21.1	Denied
		vdixl	Virtuoso Digital Implementation XL	21.1	Denied
		vdi	Virtuoso Digital Implementation	21.1	Denied
		fel	First Encounter L	21.1	Denied
		License checkout failed ... Still trying ...

		License wait time (0 minutes) has expired.
		Use `-wait <t>` at command line for more wait time.
		No valid licenses available at this time. Use "lmstat -a" to check availability and usage of licenses.


Cadence Innovus(TM) Implementation System.
Copyright 2021 Cadence Design Systems, Inc. All rights reserved worldwide.

Version:	v21.19-s058_1, built Thu Apr 4 09:59:17 PDT 2024
Options:	-stylus -no_gui -batch -files ../../../scr/pnr_partition.tcl -log ../../../../phy/log/pnr_Silago_top_right_corner_AVF_RCWORST.constr.warn_.log 
Date:		Tue Dec 30 13:26:37 2025
Host:		il2225ht25_jacome (x86_64 w/Linux 5.15.0-164-generic) (12cores*48cpus*Intel(R) Xeon(R) CPU E7-8857 v2 @ 3.00GHz 30720KB)
OS:		Rocky Linux 8.10 (Green Obsidian)

License:
		[13:26:37.443828] Configured Lic search path (21.01-s002): 27020@lic04.ug.kth.se:27020@lic05.ug.kth.se:3000@lic08.ug.kth.se:29000@lic06.ug.kth.se

		invs	Innovus Implementation System	21.1	Denied
		invsb	Innovus Implementation System Basic	21.1	Denied
		fexl	First Encounter XL	21.1	Denied
		vdixl	Virtuoso Digital Implementation XL	21.1	Denied
		vdi	Virtuoso Digital Implementation	21.1	Denied
		fel	First Encounter L	21.1	Denied
		License checkout failed ... Still trying ...

		License wait time (0 minutes) has expired.
		Use `-wait <t>` at command line for more wait time.
		No valid licenses available at this time. Use "lmstat -a" to check availability and usage of licenses.


Cadence Innovus(TM) Implementation System.
Copyright 2021 Cadence Design Systems, Inc. All rights reserved worldwide.

Version:	v21.19-s058_1, built Thu Apr 4 09:59:17 PDT 2024
Options:	-stylus -no_gui -batch -files ../../../scr/pnr_partition.tcl -log ../../../../phy/log/pnr_Silago_top_right_corner.fp.spr.gz_.log 
Date:		Tue Dec 30 13:26:37 2025
Host:		il2225ht25_jacome (x86_64 w/Linux 5.15.0-164-generic) (12cores*48cpus*Intel(R) Xeon(R) CPU E7-8857 v2 @ 3.00GHz 30720KB)
OS:		Rocky Linux 8.10 (Green Obsidian)

License:
		[13:26:37.443828] Configured Lic search path (21.01-s002): 27020@lic04.ug.kth.se:27020@lic05.ug.kth.se:3000@lic08.ug.kth.se:29000@lic06.ug.kth.se

		invs	Innovus Implementation System	21.1	Denied
		invsb	Innovus Implementation System Basic	21.1	Denied
		fexl	First Encounter XL	21.1	Denied
		vdixl	Virtuoso Digital Implementation XL	21.1	Denied
		vdi	Virtuoso Digital Implementation	21.1	Denied
		fel	First Encounter L	21.1	Denied
		License checkout failed ... Still trying ...

		License wait time (0 minutes) has expired.
		Use `-wait <t>` at command line for more wait time.
		No valid licenses available at this time. Use "lmstat -a" to check availability and usage of licenses.


Cadence Innovus(TM) Implementation System.
Copyright 2021 Cadence Design Systems, Inc. All rights reserved worldwide.

Version:	v21.19-s058_1, built Thu Apr 4 09:59:17 PDT 2024
Options:	-stylus -no_gui -batch -files ../../../scr/pnr_partition.tcl -log ../../../../phy/log/pnr_root.init_.log 
Date:		Tue Dec 30 13:26:37 2025
Host:		il2225ht25_jacome (x86_64 w/Linux 5.15.0-164-generic) (12cores*48cpus*Intel(R) Xeon(R) CPU E7-8857 v2 @ 3.00GHz 30720KB)
OS:		Rocky Linux 8.10 (Green Obsidian)

License:
		[13:26:37.443828] Configured Lic search path (21.01-s002): 27020@lic04.ug.kth.se:27020@lic05.ug.kth.se:3000@lic08.ug.kth.se:29000@lic06.ug.kth.se

		invs	Innovus Implementation System	21.1	Denied
		invsb	Innovus Implementation System Basic	21.1	Denied
		fexl	First Encounter XL	21.1	Denied
		vdixl	Virtuoso Digital Implementation XL	21.1	Denied
		vdi	Virtuoso Digital Implementation	21.1	Denied
		fel	First Encounter L	21.1	Denied
		License checkout failed ... Still trying ...

		License wait time (0 minutes) has expired.
		Use `-wait <t>` at command line for more wait time.
		No valid licenses available at this time. Use "lmstat -a" to check availability and usage of licenses.


Cadence Innovus(TM) Implementation System.
Copyright 2021 Cadence Design Systems, Inc. All rights reserved worldwide.

Version:	v21.19-s058_1, built Thu Apr 4 09:59:17 PDT 2024
Options:	-stylus -no_gui -batch -files ../../../scr/pnr_partition.tcl -log ../../../../phy/log/pnr_timingReports_.log 
Date:		Tue Dec 30 13:26:37 2025
Host:		il2225ht25_jacome (x86_64 w/Linux 5.15.0-164-generic) (12cores*48cpus*Intel(R) Xeon(R) CPU E7-8857 v2 @ 3.00GHz 30720KB)
OS:		Rocky Linux 8.10 (Green Obsidian)

License:
		[13:26:37.443828] Configured Lic search path (21.01-s002): 27020@lic04.ug.kth.se:27020@lic05.ug.kth.se:3000@lic08.ug.kth.se:29000@lic06.ug.kth.se

		invs	Innovus Implementation System	21.1	Denied
		invsb	Innovus Implementation System Basic	21.1	Denied
		fexl	First Encounter XL	21.1	Denied
		vdixl	Virtuoso Digital Implementation XL	21.1	Denied
		vdi	Virtuoso Digital Implementation	21.1	Denied
		fel	First Encounter L	21.1	Denied
		License checkout failed ... Still trying ...

		License wait time (0 minutes) has expired.
		Use `-wait <t>` at command line for more wait time.
		No valid licenses available at this time. Use "lmstat -a" to check availability and usage of licenses.


Cadence Innovus(TM) Implementation System.
Copyright 2021 Cadence Design Systems, Inc. All rights reserved worldwide.

Version:	v21.19-s058_1, built Thu Apr 4 09:59:17 PDT 2024
Options:	-stylus -no_gui -batch -files ../../../scr/pnr_partition.tcl -log ../../../../phy/log/pnr_Silago_bot_2_AVF_RCWORST.lib_.log 
Date:		Tue Dec 30 13:26:37 2025
Host:		il2225ht25_jacome (x86_64 w/Linux 5.15.0-164-generic) (12cores*48cpus*Intel(R) Xeon(R) CPU E7-8857 v2 @ 3.00GHz 30720KB)
OS:		Rocky Linux 8.10 (Green Obsidian)

License:
		[13:26:37.443828] Configured Lic search path (21.01-s002): 27020@lic04.ug.kth.se:27020@lic05.ug.kth.se:3000@lic08.ug.kth.se:29000@lic06.ug.kth.se

		invs	Innovus Implementation System	21.1	Denied
		invsb	Innovus Implementation System Basic	21.1	Denied
		fexl	First Encounter XL	21.1	Denied
		vdixl	Virtuoso Digital Implementation XL	21.1	Denied
		vdi	Virtuoso Digital Implementation	21.1	Denied
		fel	First Encounter L	21.1	Denied
		License checkout failed ... Still trying ...

		License wait time (0 minutes) has expired.
		Use `-wait <t>` at command line for more wait time.
		No valid licenses available at this time. Use "lmstat -a" to check availability and usage of licenses.


Cadence Innovus(TM) Implementation System.
Copyright 2021 Cadence Design Systems, Inc. All rights reserved worldwide.

Version:	v21.19-s058_1, built Thu Apr 4 09:59:17 PDT 2024
Options:	-stylus -no_gui -batch -files ../../../scr/pnr_partition.tcl -log ../../../../phy/log/pnr_Silago_bot_3.partition.lef_.log 
Date:		Tue Dec 30 13:26:37 2025
Host:		il2225ht25_jacome (x86_64 w/Linux 5.15.0-164-generic) (12cores*48cpus*Intel(R) Xeon(R) CPU E7-8857 v2 @ 3.00GHz 30720KB)
OS:		Rocky Linux 8.10 (Green Obsidian)

License:
		[13:26:37.443828] Configured Lic search path (21.01-s002): 27020@lic04.ug.kth.se:27020@lic05.ug.kth.se:3000@lic08.ug.kth.se:29000@lic06.ug.kth.se

		invs	Innovus Implementation System	21.1	Denied
		invsb	Innovus Implementation System Basic	21.1	Denied
		fexl	First Encounter XL	21.1	Denied
		vdixl	Virtuoso Digital Implementation XL	21.1	Denied
		vdi	Virtuoso Digital Implementation	21.1	Denied
		fel	First Encounter L	21.1	Denied
		License checkout failed ... Still trying ...

		License wait time (0 minutes) has expired.
		Use `-wait <t>` at command line for more wait time.
		No valid licenses available at this time. Use "lmstat -a" to check availability and usage of licenses.


Cadence Innovus(TM) Implementation System.
Copyright 2021 Cadence Design Systems, Inc. All rights reserved worldwide.

Version:	v21.19-s058_1, built Thu Apr 4 09:59:17 PDT 2024
Options:	-stylus -no_gui -batch -files ../../../scr/pnr_partition.tcl -log ../../../../phy/log/pnr_Silago_bot_4_AVF_RCWORST.lib_.log 
Date:		Tue Dec 30 13:26:37 2025
Host:		il2225ht25_jacome (x86_64 w/Linux 5.15.0-164-generic) (12cores*48cpus*Intel(R) Xeon(R) CPU E7-8857 v2 @ 3.00GHz 30720KB)
OS:		Rocky Linux 8.10 (Green Obsidian)

License:
		[13:26:37.443828] Configured Lic search path (21.01-s002): 27020@lic04.ug.kth.se:27020@lic05.ug.kth.se:3000@lic08.ug.kth.se:29000@lic06.ug.kth.se

		invs	Innovus Implementation System	21.1	Denied
		invsb	Innovus Implementation System Basic	21.1	Denied
		fexl	First Encounter XL	21.1	Denied
		vdixl	Virtuoso Digital Implementation XL	21.1	Denied
		vdi	Virtuoso Digital Implementation	21.1	Denied
		fel	First Encounter L	21.1	Denied
		License checkout failed ... Still trying ...

		License wait time (0 minutes) has expired.
		Use `-wait <t>` at command line for more wait time.
		No valid licenses available at this time. Use "lmstat -a" to check availability and usage of licenses.


Cadence Innovus(TM) Implementation System.
Copyright 2021 Cadence Design Systems, Inc. All rights reserved worldwide.

Version:	v21.19-s058_1, built Thu Apr 4 09:59:17 PDT 2024
Options:	-stylus -no_gui -batch -files ../../../scr/pnr_partition.tcl -log ../../../../phy/log/pnr_Silago_bot_5_AVF_RCBEST.lib_.log 
Date:		Tue Dec 30 13:26:37 2025
Host:		il2225ht25_jacome (x86_64 w/Linux 5.15.0-164-generic) (12cores*48cpus*Intel(R) Xeon(R) CPU E7-8857 v2 @ 3.00GHz 30720KB)
OS:		Rocky Linux 8.10 (Green Obsidian)

License:
		[13:26:37.443828] Configured Lic search path (21.01-s002): 27020@lic04.ug.kth.se:27020@lic05.ug.kth.se:3000@lic08.ug.kth.se:29000@lic06.ug.kth.se

		invs	Innovus Implementation System	21.1	Denied
		invsb	Innovus Implementation System Basic	21.1	Denied
		fexl	First Encounter XL	21.1	Denied
		vdixl	Virtuoso Digital Implementation XL	21.1	Denied
		vdi	Virtuoso Digital Implementation	21.1	Denied
		fel	First Encounter L	21.1	Denied
		License checkout failed ... Still trying ...

		License wait time (0 minutes) has expired.
		Use `-wait <t>` at command line for more wait time.
		No valid licenses available at this time. Use "lmstat -a" to check availability and usage of licenses.


Cadence Innovus(TM) Implementation System.
Copyright 2021 Cadence Design Systems, Inc. All rights reserved worldwide.

Version:	v21.19-s058_1, built Thu Apr 4 09:59:17 PDT 2024
Options:	-stylus -no_gui -batch -files ../../../scr/pnr_partition.tcl -log ../../../../phy/log/pnr_Silago_top_1.partition.lef_.log 
Date:		Tue Dec 30 13:26:37 2025
Host:		il2225ht25_jacome (x86_64 w/Linux 5.15.0-164-generic) (12cores*48cpus*Intel(R) Xeon(R) CPU E7-8857 v2 @ 3.00GHz 30720KB)
OS:		Rocky Linux 8.10 (Green Obsidian)

License:
		[13:26:37.443828] Configured Lic search path (21.01-s002): 27020@lic04.ug.kth.se:27020@lic05.ug.kth.se:3000@lic08.ug.kth.se:29000@lic06.ug.kth.se

		invs	Innovus Implementation System	21.1	Denied
		invsb	Innovus Implementation System Basic	21.1	Denied
		fexl	First Encounter XL	21.1	Denied
		vdixl	Virtuoso Digital Implementation XL	21.1	Denied
		vdi	Virtuoso Digital Implementation	21.1	Denied
		fel	First Encounter L	21.1	Denied
		License checkout failed ... Still trying ...

		License wait time (0 minutes) has expired.
		Use `-wait <t>` at command line for more wait time.
		No valid licenses available at this time. Use "lmstat -a" to check availability and usage of licenses.


Cadence Innovus(TM) Implementation System.
Copyright 2021 Cadence Design Systems, Inc. All rights reserved worldwide.

Version:	v21.19-s058_1, built Thu Apr 4 09:59:17 PDT 2024
Options:	-stylus -no_gui -batch -files ../../../scr/pnr_partition.tcl -log ../../../../phy/log/pnr_Silago_top_5_AVF_RCTYP.lib_.log 
Date:		Tue Dec 30 13:26:41 2025
Host:		il2225ht25_jacome (x86_64 w/Linux 5.15.0-164-generic) (12cores*48cpus*Intel(R) Xeon(R) CPU E7-8857 v2 @ 3.00GHz 30720KB)
OS:		Rocky Linux 8.10 (Green Obsidian)

License:
		[13:26:41.443788] Configured Lic search path (21.01-s002): 27020@lic04.ug.kth.se:27020@lic05.ug.kth.se:3000@lic08.ug.kth.se:29000@lic06.ug.kth.se

		invs	Innovus Implementation System	21.1	checkout succeeded
		8 CPU jobs allowed with the current license(s). Use set_multi_cpu_usage to set your required CPU count.

Cadence Innovus(TM) Implementation System.
Copyright 2021 Cadence Design Systems, Inc. All rights reserved worldwide.

Version:	v21.19-s058_1, built Thu Apr 4 09:59:17 PDT 2024
Options:	-stylus -no_gui -batch -files ../../../scr/pnr_partition.tcl -log ../../../../phy/log/pnr_Silago_bot_0_AVF_RCTYP.lib_.log 
Date:		Tue Dec 30 13:26:38 2025
Host:		il2225ht25_jacome (x86_64 w/Linux 5.15.0-164-generic) (12cores*48cpus*Intel(R) Xeon(R) CPU E7-8857 v2 @ 3.00GHz 30720KB)
OS:		Rocky Linux 8.10 (Green Obsidian)

License:
		[13:26:38.443836] Configured Lic search path (21.01-s002): 27020@lic04.ug.kth.se:27020@lic05.ug.kth.se:3000@lic08.ug.kth.se:29000@lic06.ug.kth.se

		invs	Innovus Implementation System	21.1	Denied
		invsb	Innovus Implementation System Basic	21.1	Denied
		fexl	First Encounter XL	21.1	Denied
		vdixl	Virtuoso Digital Implementation XL	21.1	Denied
		vdi	Virtuoso Digital Implementation	21.1	Denied
		fel	First Encounter L	21.1	Denied
		License checkout failed ... Still trying ...

		License wait time (0 minutes) has expired.
		Use `-wait <t>` at command line for more wait time.
		No valid licenses available at this time. Use "lmstat -a" to check availability and usage of licenses.


Cadence Innovus(TM) Implementation System.
Copyright 2021 Cadence Design Systems, Inc. All rights reserved worldwide.

Version:	v21.19-s058_1, built Thu Apr 4 09:59:17 PDT 2024
Options:	-stylus -no_gui -batch -files ../../../scr/pnr_partition.tcl -log ../../../../phy/log/pnr_Silago_bot_2.partition.lef_.log 
Date:		Tue Dec 30 13:26:38 2025
Host:		il2225ht25_jacome (x86_64 w/Linux 5.15.0-164-generic) (12cores*48cpus*Intel(R) Xeon(R) CPU E7-8857 v2 @ 3.00GHz 30720KB)
OS:		Rocky Linux 8.10 (Green Obsidian)

License:
		[13:26:38.443836] Configured Lic search path (21.01-s002): 27020@lic04.ug.kth.se:27020@lic05.ug.kth.se:3000@lic08.ug.kth.se:29000@lic06.ug.kth.se

		invs	Innovus Implementation System	21.1	Denied
		invsb	Innovus Implementation System Basic	21.1	Denied
		fexl	First Encounter XL	21.1	Denied
		vdixl	Virtuoso Digital Implementation XL	21.1	Denied
		vdi	Virtuoso Digital Implementation	21.1	Denied
		fel	First Encounter L	21.1	Denied
		License checkout failed ... Still trying ...

		License wait time (0 minutes) has expired.
		Use `-wait <t>` at command line for more wait time.
		No valid licenses available at this time. Use "lmstat -a" to check availability and usage of licenses.


Cadence Innovus(TM) Implementation System.
Copyright 2021 Cadence Design Systems, Inc. All rights reserved worldwide.

Version:	v21.19-s058_1, built Thu Apr 4 09:59:17 PDT 2024
Options:	-stylus -no_gui -batch -files ../../../scr/pnr_partition.tcl -log ../../../../phy/log/pnr_Silago_top_4.partition.lef_.log 
Date:		Tue Dec 30 13:26:38 2025
Host:		il2225ht25_jacome (x86_64 w/Linux 5.15.0-164-generic) (12cores*48cpus*Intel(R) Xeon(R) CPU E7-8857 v2 @ 3.00GHz 30720KB)
OS:		Rocky Linux 8.10 (Green Obsidian)

License:
		[13:26:38.443836] Configured Lic search path (21.01-s002): 27020@lic04.ug.kth.se:27020@lic05.ug.kth.se:3000@lic08.ug.kth.se:29000@lic06.ug.kth.se

		invs	Innovus Implementation System	21.1	Denied
		invsb	Innovus Implementation System Basic	21.1	Denied
		fexl	First Encounter XL	21.1	Denied
		vdixl	Virtuoso Digital Implementation XL	21.1	Denied
		vdi	Virtuoso Digital Implementation	21.1	Denied
		fel	First Encounter L	21.1	Denied
		License checkout failed ... Still trying ...

		License wait time (0 minutes) has expired.
		Use `-wait <t>` at command line for more wait time.
		No valid licenses available at this time. Use "lmstat -a" to check availability and usage of licenses.


Cadence Innovus(TM) Implementation System.
Copyright 2021 Cadence Design Systems, Inc. All rights reserved worldwide.

Version:	v21.19-s058_1, built Thu Apr 4 09:59:17 PDT 2024
Options:	-stylus -no_gui -batch -files ../../../scr/pnr_partition.tcl -log ../../../../phy/log/pnr_Silago_bot_left_corner_AVF_RCBEST.lib_.log 
Date:		Tue Dec 30 13:26:38 2025
Host:		il2225ht25_jacome (x86_64 w/Linux 5.15.0-164-generic) (12cores*48cpus*Intel(R) Xeon(R) CPU E7-8857 v2 @ 3.00GHz 30720KB)
OS:		Rocky Linux 8.10 (Green Obsidian)

License:
		[13:26:38.443836] Configured Lic search path (21.01-s002): 27020@lic04.ug.kth.se:27020@lic05.ug.kth.se:3000@lic08.ug.kth.se:29000@lic06.ug.kth.se

		invs	Innovus Implementation System	21.1	Denied
		invsb	Innovus Implementation System Basic	21.1	Denied
		fexl	First Encounter XL	21.1	Denied
		vdixl	Virtuoso Digital Implementation XL	21.1	Denied
		vdi	Virtuoso Digital Implementation	21.1	Denied
		fel	First Encounter L	21.1	Denied
		License checkout failed ... Still trying ...

		License wait time (0 minutes) has expired.
		Use `-wait <t>` at command line for more wait time.
		No valid licenses available at this time. Use "lmstat -a" to check availability and usage of licenses.


Cadence Innovus(TM) Implementation System.
Copyright 2021 Cadence Design Systems, Inc. All rights reserved worldwide.

Version:	v21.19-s058_1, built Thu Apr 4 09:59:17 PDT 2024
Options:	-stylus -no_gui -batch -files ../../../scr/pnr_partition.tcl -log ../../../../phy/log/pnr_Silago_bot_4.partition.lef_.log 
Date:		Tue Dec 30 13:26:38 2025
Host:		il2225ht25_jacome (x86_64 w/Linux 5.15.0-164-generic) (12cores*48cpus*Intel(R) Xeon(R) CPU E7-8857 v2 @ 3.00GHz 30720KB)
OS:		Rocky Linux 8.10 (Green Obsidian)

License:
		[13:26:38.443836] Configured Lic search path (21.01-s002): 27020@lic04.ug.kth.se:27020@lic05.ug.kth.se:3000@lic08.ug.kth.se:29000@lic06.ug.kth.se

		invs	Innovus Implementation System	21.1	Denied
		invsb	Innovus Implementation System Basic	21.1	Denied
		fexl	First Encounter XL	21.1	Denied
		vdixl	Virtuoso Digital Implementation XL	21.1	Denied
		vdi	Virtuoso Digital Implementation	21.1	Denied
		fel	First Encounter L	21.1	Denied
		License checkout failed ... Still trying ...

		License wait time (0 minutes) has expired.
		Use `-wait <t>` at command line for more wait time.
		No valid licenses available at this time. Use "lmstat -a" to check availability and usage of licenses.


Cadence Innovus(TM) Implementation System.
Copyright 2021 Cadence Design Systems, Inc. All rights reserved worldwide.

Version:	v21.19-s058_1, built Thu Apr 4 09:59:17 PDT 2024
Options:	-stylus -no_gui -batch -files ../../../scr/pnr_partition.tcl -log ../../../../phy/log/pnr_Silago_bot_4_AVF_RCBEST.lib_.log 
Date:		Tue Dec 30 13:26:38 2025
Host:		il2225ht25_jacome (x86_64 w/Linux 5.15.0-164-generic) (12cores*48cpus*Intel(R) Xeon(R) CPU E7-8857 v2 @ 3.00GHz 30720KB)
OS:		Rocky Linux 8.10 (Green Obsidian)

License:
		[13:26:38.443836] Configured Lic search path (21.01-s002): 27020@lic04.ug.kth.se:27020@lic05.ug.kth.se:3000@lic08.ug.kth.se:29000@lic06.ug.kth.se

		invs	Innovus Implementation System	21.1	Denied
		invsb	Innovus Implementation System Basic	21.1	Denied
		fexl	First Encounter XL	21.1	Denied
		vdixl	Virtuoso Digital Implementation XL	21.1	Denied
		vdi	Virtuoso Digital Implementation	21.1	Denied
		fel	First Encounter L	21.1	Denied
		License checkout failed ... Still trying ...

		License wait time (0 minutes) has expired.
		Use `-wait <t>` at command line for more wait time.
		No valid licenses available at this time. Use "lmstat -a" to check availability and usage of licenses.


Cadence Innovus(TM) Implementation System.
Copyright 2021 Cadence Design Systems, Inc. All rights reserved worldwide.

Version:	v21.19-s058_1, built Thu Apr 4 09:59:17 PDT 2024
Options:	-stylus -no_gui -batch -files ../../../scr/pnr_partition.tcl -log ../../../../phy/log/pnr_libs_.log 
Date:		Tue Dec 30 13:26:39 2025
Host:		il2225ht25_jacome (x86_64 w/Linux 5.15.0-164-generic) (12cores*48cpus*Intel(R) Xeon(R) CPU E7-8857 v2 @ 3.00GHz 30720KB)
OS:		Rocky Linux 8.10 (Green Obsidian)

License:
		[13:26:39.443844] Configured Lic search path (21.01-s002): 27020@lic04.ug.kth.se:27020@lic05.ug.kth.se:3000@lic08.ug.kth.se:29000@lic06.ug.kth.se

		invs	Innovus Implementation System	21.1	Denied
		invsb	Innovus Implementation System Basic	21.1	Denied
		fexl	First Encounter XL	21.1	Denied
		vdixl	Virtuoso Digital Implementation XL	21.1	Denied
		vdi	Virtuoso Digital Implementation	21.1	Denied
		fel	First Encounter L	21.1	Denied
		License checkout failed ... Still trying ...

		License wait time (0 minutes) has expired.
		Use `-wait <t>` at command line for more wait time.
		No valid licenses available at this time. Use "lmstat -a" to check availability and usage of licenses.


Cadence Innovus(TM) Implementation System.
Copyright 2021 Cadence Design Systems, Inc. All rights reserved worldwide.

Version:	v21.19-s058_1, built Thu Apr 4 09:59:17 PDT 2024
Options:	-stylus -no_gui -batch -files ../../../scr/pnr_partition.tcl -log ../../../../phy/log/pnr_Silago_top_right_corner.symtbl.gz_.log 
Date:		Tue Dec 30 13:26:39 2025
Host:		il2225ht25_jacome (x86_64 w/Linux 5.15.0-164-generic) (12cores*48cpus*Intel(R) Xeon(R) CPU E7-8857 v2 @ 3.00GHz 30720KB)
OS:		Rocky Linux 8.10 (Green Obsidian)

License:
		[13:26:39.443844] Configured Lic search path (21.01-s002): 27020@lic04.ug.kth.se:27020@lic05.ug.kth.se:3000@lic08.ug.kth.se:29000@lic06.ug.kth.se

		invs	Innovus Implementation System	21.1	Denied
		invsb	Innovus Implementation System Basic	21.1	Denied
		fexl	First Encounter XL	21.1	Denied
		vdixl	Virtuoso Digital Implementation XL	21.1	Denied
		vdi	Virtuoso Digital Implementation	21.1	Denied
		fel	First Encounter L	21.1	Denied
		License checkout failed ... Still trying ...

		License wait time (0 minutes) has expired.
		Use `-wait <t>` at command line for more wait time.
		No valid licenses available at this time. Use "lmstat -a" to check availability and usage of licenses.


Cadence Innovus(TM) Implementation System.
Copyright 2021 Cadence Design Systems, Inc. All rights reserved worldwide.

Version:	v21.19-s058_1, built Thu Apr 4 09:59:17 PDT 2024
Options:	-stylus -no_gui -batch -files ../../../scr/pnr_partition.tcl -log ../../../../phy/log/pnr_Silago_bot_left_corner_AVF_RCWORST.lib_.log 
Date:		Tue Dec 30 13:26:39 2025
Host:		il2225ht25_jacome (x86_64 w/Linux 5.15.0-164-generic) (12cores*48cpus*Intel(R) Xeon(R) CPU E7-8857 v2 @ 3.00GHz 30720KB)
OS:		Rocky Linux 8.10 (Green Obsidian)

License:
		[13:26:39.443844] Configured Lic search path (21.01-s002): 27020@lic04.ug.kth.se:27020@lic05.ug.kth.se:3000@lic08.ug.kth.se:29000@lic06.ug.kth.se

		invs	Innovus Implementation System	21.1	Denied
		invsb	Innovus Implementation System Basic	21.1	Denied
		fexl	First Encounter XL	21.1	Denied
		vdixl	Virtuoso Digital Implementation XL	21.1	Denied
		vdi	Virtuoso Digital Implementation	21.1	Denied
		fel	First Encounter L	21.1	Denied
		License checkout failed ... Still trying ...

		License wait time (0 minutes) has expired.
		Use `-wait <t>` at command line for more wait time.
		No valid licenses available at this time. Use "lmstat -a" to check availability and usage of licenses.


Cadence Innovus(TM) Implementation System.
Copyright 2021 Cadence Design Systems, Inc. All rights reserved worldwide.

Version:	v21.19-s058_1, built Thu Apr 4 09:59:17 PDT 2024
Options:	-stylus -no_gui -batch -files ../../../scr/pnr_partition.tcl -log ../../../../phy/log/pnr_root.init_.log 
Date:		Tue Dec 30 13:26:39 2025
Host:		il2225ht25_jacome (x86_64 w/Linux 5.15.0-164-generic) (12cores*48cpus*Intel(R) Xeon(R) CPU E7-8857 v2 @ 3.00GHz 30720KB)
OS:		Rocky Linux 8.10 (Green Obsidian)

License:
		[13:26:39.443844] Configured Lic search path (21.01-s002): 27020@lic04.ug.kth.se:27020@lic05.ug.kth.se:3000@lic08.ug.kth.se:29000@lic06.ug.kth.se

		invs	Innovus Implementation System	21.1	Denied
		invsb	Innovus Implementation System Basic	21.1	Denied
		fexl	First Encounter XL	21.1	Denied
		vdixl	Virtuoso Digital Implementation XL	21.1	Denied
		vdi	Virtuoso Digital Implementation	21.1	Denied
		fel	First Encounter L	21.1	Denied
		License checkout failed ... Still trying ...

		License wait time (0 minutes) has expired.
		Use `-wait <t>` at command line for more wait time.
		No valid licenses available at this time. Use "lmstat -a" to check availability and usage of licenses.


Cadence Innovus(TM) Implementation System.
Copyright 2021 Cadence Design Systems, Inc. All rights reserved worldwide.

Version:	v21.19-s058_1, built Thu Apr 4 09:59:17 PDT 2024
Options:	-stylus -no_gui -batch -files ../../../scr/pnr_partition.tcl -log ../../../../phy/log/pnr_Silago_top_4_AVF_RCBEST.lib_.log 
Date:		Tue Dec 30 13:26:39 2025
Host:		il2225ht25_jacome (x86_64 w/Linux 5.15.0-164-generic) (12cores*48cpus*Intel(R) Xeon(R) CPU E7-8857 v2 @ 3.00GHz 30720KB)
OS:		Rocky Linux 8.10 (Green Obsidian)

License:
		[13:26:39.443844] Configured Lic search path (21.01-s002): 27020@lic04.ug.kth.se:27020@lic05.ug.kth.se:3000@lic08.ug.kth.se:29000@lic06.ug.kth.se

		invs	Innovus Implementation System	21.1	Denied
		invsb	Innovus Implementation System Basic	21.1	Denied
		fexl	First Encounter XL	21.1	Denied
		vdixl	Virtuoso Digital Implementation XL	21.1	Denied
		vdi	Virtuoso Digital Implementation	21.1	Denied
		fel	First Encounter L	21.1	Denied
		License checkout failed ... Still trying ...

		License wait time (0 minutes) has expired.
		Use `-wait <t>` at command line for more wait time.
		No valid licenses available at this time. Use "lmstat -a" to check availability and usage of licenses.


Cadence Innovus(TM) Implementation System.
Copyright 2021 Cadence Design Systems, Inc. All rights reserved worldwide.

Version:	v21.19-s058_1, built Thu Apr 4 09:59:17 PDT 2024
Options:	-stylus -no_gui -batch -files ../../../scr/pnr_partition.tcl -log ../../../../phy/log/pnr_Silago_bot_right_corner_AVF_RCBEST.lib_.log 
Date:		Tue Dec 30 13:26:39 2025
Host:		il2225ht25_jacome (x86_64 w/Linux 5.15.0-164-generic) (12cores*48cpus*Intel(R) Xeon(R) CPU E7-8857 v2 @ 3.00GHz 30720KB)
OS:		Rocky Linux 8.10 (Green Obsidian)

License:
		[13:26:39.443844] Configured Lic search path (21.01-s002): 27020@lic04.ug.kth.se:27020@lic05.ug.kth.se:3000@lic08.ug.kth.se:29000@lic06.ug.kth.se

		invs	Innovus Implementation System	21.1	Denied
		invsb	Innovus Implementation System Basic	21.1	Denied
		fexl	First Encounter XL	21.1	Denied
		vdixl	Virtuoso Digital Implementation XL	21.1	Denied
		vdi	Virtuoso Digital Implementation	21.1	Denied
		fel	First Encounter L	21.1	Denied
		License checkout failed ... Still trying ...

		License wait time (0 minutes) has expired.
		Use `-wait <t>` at command line for more wait time.
		No valid licenses available at this time. Use "lmstat -a" to check availability and usage of licenses.


Cadence Innovus(TM) Implementation System.
Copyright 2021 Cadence Design Systems, Inc. All rights reserved worldwide.

Version:	v21.19-s058_1, built Thu Apr 4 09:59:17 PDT 2024
Options:	-stylus -no_gui -batch -files ../../../scr/pnr_partition.tcl -log ../../../../phy/log/pnr_Silago_bot_5_AVF_RCTYP.lib_.log 
Date:		Tue Dec 30 13:26:39 2025
Host:		il2225ht25_jacome (x86_64 w/Linux 5.15.0-164-generic) (12cores*48cpus*Intel(R) Xeon(R) CPU E7-8857 v2 @ 3.00GHz 30720KB)
OS:		Rocky Linux 8.10 (Green Obsidian)

License:
		[13:26:39.443844] Configured Lic search path (21.01-s002): 27020@lic04.ug.kth.se:27020@lic05.ug.kth.se:3000@lic08.ug.kth.se:29000@lic06.ug.kth.se

		invs	Innovus Implementation System	21.1	Denied
		invsb	Innovus Implementation System Basic	21.1	Denied
		fexl	First Encounter XL	21.1	Denied
		vdixl	Virtuoso Digital Implementation XL	21.1	Denied
		vdi	Virtuoso Digital Implementation	21.1	Denied
		fel	First Encounter L	21.1	Denied
		License checkout failed ... Still trying ...

		License wait time (0 minutes) has expired.
		Use `-wait <t>` at command line for more wait time.
		No valid licenses available at this time. Use "lmstat -a" to check availability and usage of licenses.


Cadence Innovus(TM) Implementation System.
Copyright 2021 Cadence Design Systems, Inc. All rights reserved worldwide.

Version:	v21.19-s058_1, built Thu Apr 4 09:59:17 PDT 2024
Options:	-stylus -no_gui -batch -files ../../../scr/pnr_partition.tcl -log ../../../../phy/log/pnr_Silago_top_4_AVF_RCWORST.lib_.log 
Date:		Tue Dec 30 13:26:39 2025
Host:		il2225ht25_jacome (x86_64 w/Linux 5.15.0-164-generic) (12cores*48cpus*Intel(R) Xeon(R) CPU E7-8857 v2 @ 3.00GHz 30720KB)
OS:		Rocky Linux 8.10 (Green Obsidian)

License:
		[13:26:39.443844] Configured Lic search path (21.01-s002): 27020@lic04.ug.kth.se:27020@lic05.ug.kth.se:3000@lic08.ug.kth.se:29000@lic06.ug.kth.se

		invs	Innovus Implementation System	21.1	Denied
		invsb	Innovus Implementation System Basic	21.1	Denied
		fexl	First Encounter XL	21.1	Denied
		vdixl	Virtuoso Digital Implementation XL	21.1	Denied
		vdi	Virtuoso Digital Implementation	21.1	Denied
		fel	First Encounter L	21.1	Denied
		License checkout failed ... Still trying ...

		License wait time (0 minutes) has expired.
		Use `-wait <t>` at command line for more wait time.
		No valid licenses available at this time. Use "lmstat -a" to check availability and usage of licenses.


Cadence Innovus(TM) Implementation System.
Copyright 2021 Cadence Design Systems, Inc. All rights reserved worldwide.

Version:	v21.19-s058_1, built Thu Apr 4 09:59:17 PDT 2024
Options:	-stylus -no_gui -batch -files ../../../scr/pnr_partition.tcl -log ../../../../phy/log/pnr_Silago_bot_right_corner.partition.lef_.log 
Date:		Tue Dec 30 13:26:39 2025
Host:		il2225ht25_jacome (x86_64 w/Linux 5.15.0-164-generic) (12cores*48cpus*Intel(R) Xeon(R) CPU E7-8857 v2 @ 3.00GHz 30720KB)
OS:		Rocky Linux 8.10 (Green Obsidian)

License:
		[13:26:39.443844] Configured Lic search path (21.01-s002): 27020@lic04.ug.kth.se:27020@lic05.ug.kth.se:3000@lic08.ug.kth.se:29000@lic06.ug.kth.se

		invs	Innovus Implementation System	21.1	Denied
		invsb	Innovus Implementation System Basic	21.1	Denied
		fexl	First Encounter XL	21.1	Denied
		vdixl	Virtuoso Digital Implementation XL	21.1	Denied
		vdi	Virtuoso Digital Implementation	21.1	Denied
		fel	First Encounter L	21.1	Denied
		License checkout failed ... Still trying ...

		License wait time (0 minutes) has expired.
		Use `-wait <t>` at command line for more wait time.
		No valid licenses available at this time. Use "lmstat -a" to check availability and usage of licenses.


Cadence Innovus(TM) Implementation System.
Copyright 2021 Cadence Design Systems, Inc. All rights reserved worldwide.

Version:	v21.19-s058_1, built Thu Apr 4 09:59:17 PDT 2024
Options:	-stylus -no_gui -batch -files ../../../scr/pnr_partition.tcl -log ../../../../phy/log/pnr_Silago_top_right_corner_AVF_RCWORST.constr.pt_.log 
Date:		Tue Dec 30 13:26:39 2025
Host:		il2225ht25_jacome (x86_64 w/Linux 5.15.0-164-generic) (12cores*48cpus*Intel(R) Xeon(R) CPU E7-8857 v2 @ 3.00GHz 30720KB)
OS:		Rocky Linux 8.10 (Green Obsidian)

License:
		[13:26:39.443844] Configured Lic search path (21.01-s002): 27020@lic04.ug.kth.se:27020@lic05.ug.kth.se:3000@lic08.ug.kth.se:29000@lic06.ug.kth.se

		invs	Innovus Implementation System	21.1	Denied
		invsb	Innovus Implementation System Basic	21.1	Denied
		fexl	First Encounter XL	21.1	Denied
		vdixl	Virtuoso Digital Implementation XL	21.1	Denied
		vdi	Virtuoso Digital Implementation	21.1	Denied
		fel	First Encounter L	21.1	Denied
		License checkout failed ... Still trying ...

		License wait time (0 minutes) has expired.
		Use `-wait <t>` at command line for more wait time.
		No valid licenses available at this time. Use "lmstat -a" to check availability and usage of licenses.


Cadence Innovus(TM) Implementation System.
Copyright 2021 Cadence Design Systems, Inc. All rights reserved worldwide.

Version:	v21.19-s058_1, built Thu Apr 4 09:59:17 PDT 2024
Options:	-stylus -no_gui -batch -files ../../../scr/pnr_partition.tcl -log ../../../../phy/log/pnr_rc_model.bin_.log 
Date:		Tue Dec 30 13:26:39 2025
Host:		il2225ht25_jacome (x86_64 w/Linux 5.15.0-164-generic) (12cores*48cpus*Intel(R) Xeon(R) CPU E7-8857 v2 @ 3.00GHz 30720KB)
OS:		Rocky Linux 8.10 (Green Obsidian)

License:
		[13:26:39.443844] Configured Lic search path (21.01-s002): 27020@lic04.ug.kth.se:27020@lic05.ug.kth.se:3000@lic08.ug.kth.se:29000@lic06.ug.kth.se

		invs	Innovus Implementation System	21.1	Denied
		invsb	Innovus Implementation System Basic	21.1	Denied
		fexl	First Encounter XL	21.1	Denied
		vdixl	Virtuoso Digital Implementation XL	21.1	Denied
		vdi	Virtuoso Digital Implementation	21.1	Denied
		fel	First Encounter L	21.1	Denied
		License checkout failed ... Still trying ...

		License wait time (0 minutes) has expired.
		Use `-wait <t>` at command line for more wait time.
		No valid licenses available at this time. Use "lmstat -a" to check availability and usage of licenses.


Cadence Innovus(TM) Implementation System.
Copyright 2021 Cadence Design Systems, Inc. All rights reserved worldwide.

Version:	v21.19-s058_1, built Thu Apr 4 09:59:17 PDT 2024
Options:	-stylus -no_gui -batch -files ../../../scr/pnr_partition.tcl -log ../../../../phy/log/pnr_Silago_top_3_AVF_RCBEST.lib_.log 
Date:		Tue Dec 30 13:26:39 2025
Host:		il2225ht25_jacome (x86_64 w/Linux 5.15.0-164-generic) (12cores*48cpus*Intel(R) Xeon(R) CPU E7-8857 v2 @ 3.00GHz 30720KB)
OS:		Rocky Linux 8.10 (Green Obsidian)

License:
		[13:26:39.443844] Configured Lic search path (21.01-s002): 27020@lic04.ug.kth.se:27020@lic05.ug.kth.se:3000@lic08.ug.kth.se:29000@lic06.ug.kth.se

		invs	Innovus Implementation System	21.1	Denied
		invsb	Innovus Implementation System Basic	21.1	Denied
		fexl	First Encounter XL	21.1	Denied
		vdixl	Virtuoso Digital Implementation XL	21.1	Denied
		vdi	Virtuoso Digital Implementation	21.1	Denied
		fel	First Encounter L	21.1	Denied
		License checkout failed ... Still trying ...

		License wait time (0 minutes) has expired.
		Use `-wait <t>` at command line for more wait time.
		No valid licenses available at this time. Use "lmstat -a" to check availability and usage of licenses.


Cadence Innovus(TM) Implementation System.
Copyright 2021 Cadence Design Systems, Inc. All rights reserved worldwide.

Version:	v21.19-s058_1, built Thu Apr 4 09:59:17 PDT 2024
Options:	-stylus -no_gui -batch -files ../../../scr/pnr_partition.tcl -log ../../../../phy/log/pnr_Silago_bot_5.partition.lef_.log 
Date:		Tue Dec 30 13:26:39 2025
Host:		il2225ht25_jacome (x86_64 w/Linux 5.15.0-164-generic) (12cores*48cpus*Intel(R) Xeon(R) CPU E7-8857 v2 @ 3.00GHz 30720KB)
OS:		Rocky Linux 8.10 (Green Obsidian)

License:
		[13:26:39.443844] Configured Lic search path (21.01-s002): 27020@lic04.ug.kth.se:27020@lic05.ug.kth.se:3000@lic08.ug.kth.se:29000@lic06.ug.kth.se

		invs	Innovus Implementation System	21.1	Denied
		invsb	Innovus Implementation System Basic	21.1	Denied
		fexl	First Encounter XL	21.1	Denied
		vdixl	Virtuoso Digital Implementation XL	21.1	Denied
		vdi	Virtuoso Digital Implementation	21.1	Denied
		fel	First Encounter L	21.1	Denied
		License checkout failed ... Still trying ...

		License wait time (0 minutes) has expired.
		Use `-wait <t>` at command line for more wait time.
		No valid licenses available at this time. Use "lmstat -a" to check availability and usage of licenses.


Cadence Innovus(TM) Implementation System.
Copyright 2021 Cadence Design Systems, Inc. All rights reserved worldwide.

Version:	v21.19-s058_1, built Thu Apr 4 09:59:17 PDT 2024
Options:	-stylus -no_gui -batch -files ../../../scr/pnr_partition.tcl -log ../../../../phy/log/pnr_root.init_.log 
Date:		Tue Dec 30 13:26:39 2025
Host:		il2225ht25_jacome (x86_64 w/Linux 5.15.0-164-generic) (12cores*48cpus*Intel(R) Xeon(R) CPU E7-8857 v2 @ 3.00GHz 30720KB)
OS:		Rocky Linux 8.10 (Green Obsidian)

License:
		[13:26:39.443844] Configured Lic search path (21.01-s002): 27020@lic04.ug.kth.se:27020@lic05.ug.kth.se:3000@lic08.ug.kth.se:29000@lic06.ug.kth.se

		invs	Innovus Implementation System	21.1	Denied
		invsb	Innovus Implementation System Basic	21.1	Denied
		fexl	First Encounter XL	21.1	Denied
		vdixl	Virtuoso Digital Implementation XL	21.1	Denied
		vdi	Virtuoso Digital Implementation	21.1	Denied
		fel	First Encounter L	21.1	Denied
		License checkout failed ... Still trying ...

		License wait time (0 minutes) has expired.
		Use `-wait <t>` at command line for more wait time.
		No valid licenses available at this time. Use "lmstat -a" to check availability and usage of licenses.


Cadence Innovus(TM) Implementation System.
Copyright 2021 Cadence Design Systems, Inc. All rights reserved worldwide.

Version:	v21.19-s058_1, built Thu Apr 4 09:59:17 PDT 2024
Options:	-stylus -no_gui -batch -files ../../../scr/pnr_partition.tcl -log ../../../../phy/log/pnr_Silago_bot_left_corner_AVF_RCTYP.lib_.log 
Date:		Tue Dec 30 13:26:39 2025
Host:		il2225ht25_jacome (x86_64 w/Linux 5.15.0-164-generic) (12cores*48cpus*Intel(R) Xeon(R) CPU E7-8857 v2 @ 3.00GHz 30720KB)
OS:		Rocky Linux 8.10 (Green Obsidian)

License:
		[13:26:39.443844] Configured Lic search path (21.01-s002): 27020@lic04.ug.kth.se:27020@lic05.ug.kth.se:3000@lic08.ug.kth.se:29000@lic06.ug.kth.se

		invs	Innovus Implementation System	21.1	Denied
		invsb	Innovus Implementation System Basic	21.1	Denied
		fexl	First Encounter XL	21.1	Denied
		vdixl	Virtuoso Digital Implementation XL	21.1	Denied
		vdi	Virtuoso Digital Implementation	21.1	Denied
		fel	First Encounter L	21.1	Denied
		License checkout failed ... Still trying ...

		License wait time (0 minutes) has expired.
		Use `-wait <t>` at command line for more wait time.
		No valid licenses available at this time. Use "lmstat -a" to check availability and usage of licenses.


Cadence Innovus(TM) Implementation System.
Copyright 2021 Cadence Design Systems, Inc. All rights reserved worldwide.

Version:	v21.19-s058_1, built Thu Apr 4 09:59:17 PDT 2024
Options:	-stylus -no_gui -batch -files ../../../scr/pnr_partition.tcl -log ../../../../phy/log/pnr_Silago_bot_4_AVF_RCTYP.lib_.log 
Date:		Tue Dec 30 13:26:39 2025
Host:		il2225ht25_jacome (x86_64 w/Linux 5.15.0-164-generic) (12cores*48cpus*Intel(R) Xeon(R) CPU E7-8857 v2 @ 3.00GHz 30720KB)
OS:		Rocky Linux 8.10 (Green Obsidian)

License:
		[13:26:39.443844] Configured Lic search path (21.01-s002): 27020@lic04.ug.kth.se:27020@lic05.ug.kth.se:3000@lic08.ug.kth.se:29000@lic06.ug.kth.se

		invs	Innovus Implementation System	21.1	Denied
		invsb	Innovus Implementation System Basic	21.1	Denied
		fexl	First Encounter XL	21.1	Denied
		vdixl	Virtuoso Digital Implementation XL	21.1	Denied
		vdi	Virtuoso Digital Implementation	21.1	Denied
		fel	First Encounter L	21.1	Denied
		License checkout failed ... Still trying ...

		License wait time (0 minutes) has expired.
		Use `-wait <t>` at command line for more wait time.
		No valid licenses available at this time. Use "lmstat -a" to check availability and usage of licenses.


Cadence Innovus(TM) Implementation System.
Copyright 2021 Cadence Design Systems, Inc. All rights reserved worldwide.

Version:	v21.19-s058_1, built Thu Apr 4 09:59:17 PDT 2024
Options:	-stylus -no_gui -batch -files ../../../scr/pnr_partition.tcl -log ../../../../phy/log/pnr_Silago_bot_right_corner_AVF_RCTYP.lib_.log 
Date:		Tue Dec 30 13:26:43 2025
Host:		il2225ht25_jacome (x86_64 w/Linux 5.15.0-164-generic) (12cores*48cpus*Intel(R) Xeon(R) CPU E7-8857 v2 @ 3.00GHz 30720KB)
OS:		Rocky Linux 8.10 (Green Obsidian)

License:
		[13:26:43.443804] Configured Lic search path (21.01-s002): 27020@lic04.ug.kth.se:27020@lic05.ug.kth.se:3000@lic08.ug.kth.se:29000@lic06.ug.kth.se

		invs	Innovus Implementation System	21.1	checkout succeeded
		8 CPU jobs allowed with the current license(s). Use set_multi_cpu_usage to set your required CPU count.

Cadence Innovus(TM) Implementation System.
Copyright 2021 Cadence Design Systems, Inc. All rights reserved worldwide.

Version:	v21.19-s058_1, built Thu Apr 4 09:59:17 PDT 2024
Options:	-stylus -no_gui -batch -files ../../../scr/pnr_partition.tcl -log ../../../../phy/log/pnr_Silago_bot_1_AVF_RCTYP.lib_.log 
Date:		Tue Dec 30 13:26:39 2025
Host:		il2225ht25_jacome (x86_64 w/Linux 5.15.0-164-generic) (12cores*48cpus*Intel(R) Xeon(R) CPU E7-8857 v2 @ 3.00GHz 30720KB)
OS:		Rocky Linux 8.10 (Green Obsidian)

License:
		[13:26:39.443844] Configured Lic search path (21.01-s002): 27020@lic04.ug.kth.se:27020@lic05.ug.kth.se:3000@lic08.ug.kth.se:29000@lic06.ug.kth.se

		invs	Innovus Implementation System	21.1	Denied
		invsb	Innovus Implementation System Basic	21.1	Denied
		fexl	First Encounter XL	21.1	Denied
		vdixl	Virtuoso Digital Implementation XL	21.1	Denied
		vdi	Virtuoso Digital Implementation	21.1	Denied
		fel	First Encounter L	21.1	Denied
		License checkout failed ... Still trying ...

		License wait time (0 minutes) has expired.
		Use `-wait <t>` at command line for more wait time.
		No valid licenses available at this time. Use "lmstat -a" to check availability and usage of licenses.


Cadence Innovus(TM) Implementation System.
Copyright 2021 Cadence Design Systems, Inc. All rights reserved worldwide.

Version:	v21.19-s058_1, built Thu Apr 4 09:59:17 PDT 2024
Options:	-stylus -no_gui -batch -files ../../../scr/pnr_partition.tcl -log ../../../../phy/log/pnr_Silago_top_5.partition.lef_.log 
Date:		Tue Dec 30 13:26:40 2025
Host:		il2225ht25_jacome (x86_64 w/Linux 5.15.0-164-generic) (12cores*48cpus*Intel(R) Xeon(R) CPU E7-8857 v2 @ 3.00GHz 30720KB)
OS:		Rocky Linux 8.10 (Green Obsidian)

License:
		[13:26:40.443780] Configured Lic search path (21.01-s002): 27020@lic04.ug.kth.se:27020@lic05.ug.kth.se:3000@lic08.ug.kth.se:29000@lic06.ug.kth.se

		invs	Innovus Implementation System	21.1	Denied
		invsb	Innovus Implementation System Basic	21.1	Denied
		fexl	First Encounter XL	21.1	Denied
		vdixl	Virtuoso Digital Implementation XL	21.1	Denied
		vdi	Virtuoso Digital Implementation	21.1	Denied
		fel	First Encounter L	21.1	Denied
		License checkout failed ... Still trying ...

		License wait time (0 minutes) has expired.
		Use `-wait <t>` at command line for more wait time.
		No valid licenses available at this time. Use "lmstat -a" to check availability and usage of licenses.


Cadence Innovus(TM) Implementation System.
Copyright 2021 Cadence Design Systems, Inc. All rights reserved worldwide.

Version:	v21.19-s058_1, built Thu Apr 4 09:59:17 PDT 2024
Options:	-stylus -no_gui -batch -files ../../../scr/pnr_partition.tcl -log ../../../../phy/log/pnr_Silago_top_2_AVF_RCWORST.lib_.log 
Date:		Tue Dec 30 13:26:40 2025
Host:		il2225ht25_jacome (x86_64 w/Linux 5.15.0-164-generic) (12cores*48cpus*Intel(R) Xeon(R) CPU E7-8857 v2 @ 3.00GHz 30720KB)
OS:		Rocky Linux 8.10 (Green Obsidian)

License:
		[13:26:40.443780] Configured Lic search path (21.01-s002): 27020@lic04.ug.kth.se:27020@lic05.ug.kth.se:3000@lic08.ug.kth.se:29000@lic06.ug.kth.se

		invs	Innovus Implementation System	21.1	Denied
		invsb	Innovus Implementation System Basic	21.1	Denied
		fexl	First Encounter XL	21.1	Denied
		vdixl	Virtuoso Digital Implementation XL	21.1	Denied
		vdi	Virtuoso Digital Implementation	21.1	Denied
		fel	First Encounter L	21.1	Denied
		License checkout failed ... Still trying ...

		License wait time (0 minutes) has expired.
		Use `-wait <t>` at command line for more wait time.
		No valid licenses available at this time. Use "lmstat -a" to check availability and usage of licenses.


Cadence Innovus(TM) Implementation System.
Copyright 2021 Cadence Design Systems, Inc. All rights reserved worldwide.

Version:	v21.19-s058_1, built Thu Apr 4 09:59:17 PDT 2024
Options:	-stylus -no_gui -batch -files ../../../scr/pnr_partition.tcl -log ../../../../phy/log/pnr_Silago_top_1_AVF_RCTYP.lib_.log 
Date:		Tue Dec 30 13:26:40 2025
Host:		il2225ht25_jacome (x86_64 w/Linux 5.15.0-164-generic) (12cores*48cpus*Intel(R) Xeon(R) CPU E7-8857 v2 @ 3.00GHz 30720KB)
OS:		Rocky Linux 8.10 (Green Obsidian)

License:
		[13:26:40.443780] Configured Lic search path (21.01-s002): 27020@lic04.ug.kth.se:27020@lic05.ug.kth.se:3000@lic08.ug.kth.se:29000@lic06.ug.kth.se

		invs	Innovus Implementation System	21.1	Denied
		invsb	Innovus Implementation System Basic	21.1	Denied
		fexl	First Encounter XL	21.1	Denied
		vdixl	Virtuoso Digital Implementation XL	21.1	Denied
		vdi	Virtuoso Digital Implementation	21.1	Denied
		fel	First Encounter L	21.1	Denied
		License checkout failed ... Still trying ...

		License wait time (0 minutes) has expired.
		Use `-wait <t>` at command line for more wait time.
		No valid licenses available at this time. Use "lmstat -a" to check availability and usage of licenses.


Cadence Innovus(TM) Implementation System.
Copyright 2021 Cadence Design Systems, Inc. All rights reserved worldwide.

Version:	v21.19-s058_1, built Thu Apr 4 09:59:17 PDT 2024
Options:	-stylus -no_gui -batch -files ../../../scr/pnr_partition.tcl -log ../../../../phy/log/pnr_flowstep_.log 
Date:		Tue Dec 30 13:26:40 2025
Host:		il2225ht25_jacome (x86_64 w/Linux 5.15.0-164-generic) (12cores*48cpus*Intel(R) Xeon(R) CPU E7-8857 v2 @ 3.00GHz 30720KB)
OS:		Rocky Linux 8.10 (Green Obsidian)

License:
		[13:26:40.443780] Configured Lic search path (21.01-s002): 27020@lic04.ug.kth.se:27020@lic05.ug.kth.se:3000@lic08.ug.kth.se:29000@lic06.ug.kth.se

		invs	Innovus Implementation System	21.1	Denied
		invsb	Innovus Implementation System Basic	21.1	Denied
		fexl	First Encounter XL	21.1	Denied
		vdixl	Virtuoso Digital Implementation XL	21.1	Denied
		vdi	Virtuoso Digital Implementation	21.1	Denied
		fel	First Encounter L	21.1	Denied
		License checkout failed ... Still trying ...

		License wait time (0 minutes) has expired.
		Use `-wait <t>` at command line for more wait time.
		No valid licenses available at this time. Use "lmstat -a" to check availability and usage of licenses.


Cadence Innovus(TM) Implementation System.
Copyright 2021 Cadence Design Systems, Inc. All rights reserved worldwide.

Version:	v21.19-s058_1, built Thu Apr 4 09:59:17 PDT 2024
Options:	-stylus -no_gui -batch -files ../../../scr/pnr_partition.tcl -log ../../../../phy/log/pnr_Silago_bot_right_corner_AVF_RCWORST.lib_.log 
Date:		Tue Dec 30 13:26:40 2025
Host:		il2225ht25_jacome (x86_64 w/Linux 5.15.0-164-generic) (12cores*48cpus*Intel(R) Xeon(R) CPU E7-8857 v2 @ 3.00GHz 30720KB)
OS:		Rocky Linux 8.10 (Green Obsidian)

License:
		[13:26:40.443780] Configured Lic search path (21.01-s002): 27020@lic04.ug.kth.se:27020@lic05.ug.kth.se:3000@lic08.ug.kth.se:29000@lic06.ug.kth.se

		invs	Innovus Implementation System	21.1	Denied
		invsb	Innovus Implementation System Basic	21.1	Denied
		fexl	First Encounter XL	21.1	Denied
		vdixl	Virtuoso Digital Implementation XL	21.1	Denied
		vdi	Virtuoso Digital Implementation	21.1	Denied
		fel	First Encounter L	21.1	Denied
		License checkout failed ... Still trying ...

		License wait time (0 minutes) has expired.
		Use `-wait <t>` at command line for more wait time.
		No valid licenses available at this time. Use "lmstat -a" to check availability and usage of licenses.


Cadence Innovus(TM) Implementation System.
Copyright 2021 Cadence Design Systems, Inc. All rights reserved worldwide.

Version:	v21.19-s058_1, built Thu Apr 4 09:59:17 PDT 2024
Options:	-stylus -no_gui -batch -files ../../../scr/pnr_partition.tcl -log ../../../../phy/log/pnr_user.attrdef_.log 
Date:		Tue Dec 30 13:26:40 2025
Host:		il2225ht25_jacome (x86_64 w/Linux 5.15.0-164-generic) (12cores*48cpus*Intel(R) Xeon(R) CPU E7-8857 v2 @ 3.00GHz 30720KB)
OS:		Rocky Linux 8.10 (Green Obsidian)

License:
		[13:26:40.443780] Configured Lic search path (21.01-s002): 27020@lic04.ug.kth.se:27020@lic05.ug.kth.se:3000@lic08.ug.kth.se:29000@lic06.ug.kth.se

		invs	Innovus Implementation System	21.1	Denied
		invsb	Innovus Implementation System Basic	21.1	Denied
		fexl	First Encounter XL	21.1	Denied
		vdixl	Virtuoso Digital Implementation XL	21.1	Denied
		vdi	Virtuoso Digital Implementation	21.1	Denied
		fel	First Encounter L	21.1	Denied
		License checkout failed ... Still trying ...

		License wait time (0 minutes) has expired.
		Use `-wait <t>` at command line for more wait time.
		No valid licenses available at this time. Use "lmstat -a" to check availability and usage of licenses.


Cadence Innovus(TM) Implementation System.
Copyright 2021 Cadence Design Systems, Inc. All rights reserved worldwide.

Version:	v21.19-s058_1, built Thu Apr 4 09:59:17 PDT 2024
Options:	-stylus -no_gui -batch -files ../../../scr/pnr_partition.tcl -log ../../../../phy/log/pnr_Silago_top_1_AVF_RCWORST.lib_.log 
Date:		Tue Dec 30 13:26:42 2025
Host:		il2225ht25_jacome (x86_64 w/Linux 5.15.0-164-generic) (12cores*48cpus*Intel(R) Xeon(R) CPU E7-8857 v2 @ 3.00GHz 30720KB)
OS:		Rocky Linux 8.10 (Green Obsidian)

License:
		[13:26:42.443796] Configured Lic search path (21.01-s002): 27020@lic04.ug.kth.se:27020@lic05.ug.kth.se:3000@lic08.ug.kth.se:29000@lic06.ug.kth.se

		invs	Innovus Implementation System	21.1	Denied
		invsb	Innovus Implementation System Basic	21.1	Denied
		fexl	First Encounter XL	21.1	Denied
		vdixl	Virtuoso Digital Implementation XL	21.1	Denied
		vdi	Virtuoso Digital Implementation	21.1	checkout succeeded
		Maximum number of instances allowed (1 x 50000).

Cadence Innovus(TM) Implementation System.
Copyright 2021 Cadence Design Systems, Inc. All rights reserved worldwide.

Version:	v21.19-s058_1, built Thu Apr 4 09:59:17 PDT 2024
Options:	-stylus -no_gui -batch -files ../../../scr/pnr_partition.tcl -log ../../../../phy/log/pnr_viewDefinition.tcl_.log 
Date:		Tue Dec 30 13:26:40 2025
Host:		il2225ht25_jacome (x86_64 w/Linux 5.15.0-164-generic) (12cores*48cpus*Intel(R) Xeon(R) CPU E7-8857 v2 @ 3.00GHz 30720KB)
OS:		Rocky Linux 8.10 (Green Obsidian)

License:
		[13:26:40.443780] Configured Lic search path (21.01-s002): 27020@lic04.ug.kth.se:27020@lic05.ug.kth.se:3000@lic08.ug.kth.se:29000@lic06.ug.kth.se

		invs	Innovus Implementation System	21.1	Denied
		invsb	Innovus Implementation System Basic	21.1	Denied
		fexl	First Encounter XL	21.1	Denied
		vdixl	Virtuoso Digital Implementation XL	21.1	Denied
		vdi	Virtuoso Digital Implementation	21.1	Denied
		fel	First Encounter L	21.1	Denied
		License checkout failed ... Still trying ...

		License wait time (0 minutes) has expired.
		Use `-wait <t>` at command line for more wait time.
		No valid licenses available at this time. Use "lmstat -a" to check availability and usage of licenses.


Cadence Innovus(TM) Implementation System.
Copyright 2021 Cadence Design Systems, Inc. All rights reserved worldwide.

Version:	v21.19-s058_1, built Thu Apr 4 09:59:17 PDT 2024
Options:	-stylus -no_gui -batch -files ../../../scr/pnr_partition.tcl -log ../../../../phy/log/pnr_Silago_top_5_AVF_RCWORST.lib_.log 
Date:		Tue Dec 30 13:26:40 2025
Host:		il2225ht25_jacome (x86_64 w/Linux 5.15.0-164-generic) (12cores*48cpus*Intel(R) Xeon(R) CPU E7-8857 v2 @ 3.00GHz 30720KB)
OS:		Rocky Linux 8.10 (Green Obsidian)

License:
		[13:26:40.443780] Configured Lic search path (21.01-s002): 27020@lic04.ug.kth.se:27020@lic05.ug.kth.se:3000@lic08.ug.kth.se:29000@lic06.ug.kth.se

		invs	Innovus Implementation System	21.1	Denied
		invsb	Innovus Implementation System Basic	21.1	Denied
		fexl	First Encounter XL	21.1	Denied
		vdixl	Virtuoso Digital Implementation XL	21.1	Denied
		vdi	Virtuoso Digital Implementation	21.1	Denied
		fel	First Encounter L	21.1	Denied
		License checkout failed ... Still trying ...

		License wait time (0 minutes) has expired.
		Use `-wait <t>` at command line for more wait time.
		No valid licenses available at this time. Use "lmstat -a" to check availability and usage of licenses.


Cadence Innovus(TM) Implementation System.
Copyright 2021 Cadence Design Systems, Inc. All rights reserved worldwide.

Version:	v21.19-s058_1, built Thu Apr 4 09:59:17 PDT 2024
Options:	-stylus -no_gui -batch -files ../../../scr/pnr_partition.tcl -log ../../../../phy/log/pnr_Silago_bot_1_AVF_RCBEST.lib_.log 
Date:		Tue Dec 30 13:26:40 2025
Host:		il2225ht25_jacome (x86_64 w/Linux 5.15.0-164-generic) (12cores*48cpus*Intel(R) Xeon(R) CPU E7-8857 v2 @ 3.00GHz 30720KB)
OS:		Rocky Linux 8.10 (Green Obsidian)

License:
		[13:26:40.443780] Configured Lic search path (21.01-s002): 27020@lic04.ug.kth.se:27020@lic05.ug.kth.se:3000@lic08.ug.kth.se:29000@lic06.ug.kth.se

		invs	Innovus Implementation System	21.1	Denied
		invsb	Innovus Implementation System Basic	21.1	Denied
		fexl	First Encounter XL	21.1	Denied
		vdixl	Virtuoso Digital Implementation XL	21.1	Denied
		vdi	Virtuoso Digital Implementation	21.1	Denied
		fel	First Encounter L	21.1	Denied
		License checkout failed ... Still trying ...

		License wait time (0 minutes) has expired.
		Use `-wait <t>` at command line for more wait time.
		No valid licenses available at this time. Use "lmstat -a" to check availability and usage of licenses.


Cadence Innovus(TM) Implementation System.
Copyright 2021 Cadence Design Systems, Inc. All rights reserved worldwide.

Version:	v21.19-s058_1, built Thu Apr 4 09:59:17 PDT 2024
Options:	-stylus -no_gui -batch -files ../../../scr/pnr_partition.tcl -log ../../../../phy/log/pnr_Silago_top_5_AVF_RCBEST.lib_.log 
Date:		Tue Dec 30 13:26:40 2025
Host:		il2225ht25_jacome (x86_64 w/Linux 5.15.0-164-generic) (12cores*48cpus*Intel(R) Xeon(R) CPU E7-8857 v2 @ 3.00GHz 30720KB)
OS:		Rocky Linux 8.10 (Green Obsidian)

License:
		[13:26:40.443780] Configured Lic search path (21.01-s002): 27020@lic04.ug.kth.se:27020@lic05.ug.kth.se:3000@lic08.ug.kth.se:29000@lic06.ug.kth.se

		invs	Innovus Implementation System	21.1	Denied
		invsb	Innovus Implementation System Basic	21.1	Denied
		fexl	First Encounter XL	21.1	Denied
		vdixl	Virtuoso Digital Implementation XL	21.1	Denied
		vdi	Virtuoso Digital Implementation	21.1	Denied
		fel	First Encounter L	21.1	Denied
		License checkout failed ... Still trying ...

		License wait time (0 minutes) has expired.
		Use `-wait <t>` at command line for more wait time.
		No valid licenses available at this time. Use "lmstat -a" to check availability and usage of licenses.


Cadence Innovus(TM) Implementation System.
Copyright 2021 Cadence Design Systems, Inc. All rights reserved worldwide.

Version:	v21.19-s058_1, built Thu Apr 4 09:59:17 PDT 2024
Options:	-stylus -no_gui -batch -files ../../../scr/pnr_partition.tcl -log ../../../../phy/log/pnr_Silago_top_0_AVF_RCTYP.lib_.log 
Date:		Tue Dec 30 13:26:40 2025
Host:		il2225ht25_jacome (x86_64 w/Linux 5.15.0-164-generic) (12cores*48cpus*Intel(R) Xeon(R) CPU E7-8857 v2 @ 3.00GHz 30720KB)
OS:		Rocky Linux 8.10 (Green Obsidian)

License:
		[13:26:40.443780] Configured Lic search path (21.01-s002): 27020@lic04.ug.kth.se:27020@lic05.ug.kth.se:3000@lic08.ug.kth.se:29000@lic06.ug.kth.se

		invs	Innovus Implementation System	21.1	Denied
		invsb	Innovus Implementation System Basic	21.1	Denied
		fexl	First Encounter XL	21.1	Denied
		vdixl	Virtuoso Digital Implementation XL	21.1	Denied
		vdi	Virtuoso Digital Implementation	21.1	Denied
		fel	First Encounter L	21.1	Denied
		License checkout failed ... Still trying ...

		License wait time (0 minutes) has expired.
		Use `-wait <t>` at command line for more wait time.
		No valid licenses available at this time. Use "lmstat -a" to check availability and usage of licenses.


Cadence Innovus(TM) Implementation System.
Copyright 2021 Cadence Design Systems, Inc. All rights reserved worldwide.

Version:	v21.19-s058_1, built Thu Apr 4 09:59:17 PDT 2024
Options:	-stylus -no_gui -batch -files ../../../scr/pnr_partition.tcl -log ../../../../phy/log/pnr_Silago_top_right_corner_AVF_RCTYP.constr.warn_.log 
Date:		Tue Dec 30 13:26:40 2025
Host:		il2225ht25_jacome (x86_64 w/Linux 5.15.0-164-generic) (12cores*48cpus*Intel(R) Xeon(R) CPU E7-8857 v2 @ 3.00GHz 30720KB)
OS:		Rocky Linux 8.10 (Green Obsidian)

License:
		[13:26:40.443780] Configured Lic search path (21.01-s002): 27020@lic04.ug.kth.se:27020@lic05.ug.kth.se:3000@lic08.ug.kth.se:29000@lic06.ug.kth.se

		invs	Innovus Implementation System	21.1	Denied
		invsb	Innovus Implementation System Basic	21.1	Denied
		fexl	First Encounter XL	21.1	Denied
		vdixl	Virtuoso Digital Implementation XL	21.1	Denied
		vdi	Virtuoso Digital Implementation	21.1	Denied
		fel	First Encounter L	21.1	Denied
		License checkout failed ... Still trying ...

		License wait time (0 minutes) has expired.
		Use `-wait <t>` at command line for more wait time.
		No valid licenses available at this time. Use "lmstat -a" to check availability and usage of licenses.


Cadence Innovus(TM) Implementation System.
Copyright 2021 Cadence Design Systems, Inc. All rights reserved worldwide.

Version:	v21.19-s058_1, built Thu Apr 4 09:59:17 PDT 2024
Options:	-stylus -no_gui -batch -files ../../../scr/pnr_partition.tcl -log ../../../../phy/log/pnr_root.post_.log 
Date:		Tue Dec 30 13:26:40 2025
Host:		il2225ht25_jacome (x86_64 w/Linux 5.15.0-164-generic) (12cores*48cpus*Intel(R) Xeon(R) CPU E7-8857 v2 @ 3.00GHz 30720KB)
OS:		Rocky Linux 8.10 (Green Obsidian)

License:
		[13:26:40.443780] Configured Lic search path (21.01-s002): 27020@lic04.ug.kth.se:27020@lic05.ug.kth.se:3000@lic08.ug.kth.se:29000@lic06.ug.kth.se

		invs	Innovus Implementation System	21.1	Denied
		invsb	Innovus Implementation System Basic	21.1	Denied
		fexl	First Encounter XL	21.1	Denied
		vdixl	Virtuoso Digital Implementation XL	21.1	Denied
		vdi	Virtuoso Digital Implementation	21.1	Denied
		fel	First Encounter L	21.1	Denied
		License checkout failed ... Still trying ...

		License wait time (0 minutes) has expired.
		Use `-wait <t>` at command line for more wait time.
		No valid licenses available at this time. Use "lmstat -a" to check availability and usage of licenses.


Cadence Innovus(TM) Implementation System.
Copyright 2021 Cadence Design Systems, Inc. All rights reserved worldwide.

Version:	v21.19-s058_1, built Thu Apr 4 09:59:17 PDT 2024
Options:	-stylus -no_gui -batch -files ../../../scr/pnr_partition.tcl -log ../../../../phy/log/pnr_Silago_top_3_AVF_RCWORST.lib_.log 
Date:		Tue Dec 30 13:26:40 2025
Host:		il2225ht25_jacome (x86_64 w/Linux 5.15.0-164-generic) (12cores*48cpus*Intel(R) Xeon(R) CPU E7-8857 v2 @ 3.00GHz 30720KB)
OS:		Rocky Linux 8.10 (Green Obsidian)

License:
		[13:26:40.443780] Configured Lic search path (21.01-s002): 27020@lic04.ug.kth.se:27020@lic05.ug.kth.se:3000@lic08.ug.kth.se:29000@lic06.ug.kth.se

		invs	Innovus Implementation System	21.1	Denied
		invsb	Innovus Implementation System Basic	21.1	Denied
		fexl	First Encounter XL	21.1	Denied
		vdixl	Virtuoso Digital Implementation XL	21.1	Denied
		vdi	Virtuoso Digital Implementation	21.1	Denied
		fel	First Encounter L	21.1	Denied
		License checkout failed ... Still trying ...

		License wait time (0 minutes) has expired.
		Use `-wait <t>` at command line for more wait time.
		No valid licenses available at this time. Use "lmstat -a" to check availability and usage of licenses.


Cadence Innovus(TM) Implementation System.
Copyright 2021 Cadence Design Systems, Inc. All rights reserved worldwide.

Version:	v21.19-s058_1, built Thu Apr 4 09:59:17 PDT 2024
Options:	-stylus -no_gui -batch -files ../../../scr/pnr_partition.tcl -log ../../../../phy/log/pnr_Silago_top_2.partition.lef_.log 
Date:		Tue Dec 30 13:26:40 2025
Host:		il2225ht25_jacome (x86_64 w/Linux 5.15.0-164-generic) (12cores*48cpus*Intel(R) Xeon(R) CPU E7-8857 v2 @ 3.00GHz 30720KB)
OS:		Rocky Linux 8.10 (Green Obsidian)

License:
		[13:26:40.443780] Configured Lic search path (21.01-s002): 27020@lic04.ug.kth.se:27020@lic05.ug.kth.se:3000@lic08.ug.kth.se:29000@lic06.ug.kth.se

		invs	Innovus Implementation System	21.1	Denied
		invsb	Innovus Implementation System Basic	21.1	Denied
		fexl	First Encounter XL	21.1	Denied
		vdixl	Virtuoso Digital Implementation XL	21.1	Denied
		vdi	Virtuoso Digital Implementation	21.1	Denied
		fel	First Encounter L	21.1	Denied
		License checkout failed ... Still trying ...

		License wait time (0 minutes) has expired.
		Use `-wait <t>` at command line for more wait time.
		No valid licenses available at this time. Use "lmstat -a" to check availability and usage of licenses.


Cadence Innovus(TM) Implementation System.
Copyright 2021 Cadence Design Systems, Inc. All rights reserved worldwide.

Version:	v21.19-s058_1, built Thu Apr 4 09:59:17 PDT 2024
Options:	-stylus -no_gui -batch -files ../../../scr/pnr_partition.tcl -log ../../../../phy/log/pnr_Silago_top_0_AVF_RCBEST.lib_.log 
Date:		Tue Dec 30 13:26:40 2025
Host:		il2225ht25_jacome (x86_64 w/Linux 5.15.0-164-generic) (12cores*48cpus*Intel(R) Xeon(R) CPU E7-8857 v2 @ 3.00GHz 30720KB)
OS:		Rocky Linux 8.10 (Green Obsidian)

License:
		[13:26:40.443780] Configured Lic search path (21.01-s002): 27020@lic04.ug.kth.se:27020@lic05.ug.kth.se:3000@lic08.ug.kth.se:29000@lic06.ug.kth.se

		invs	Innovus Implementation System	21.1	Denied
		invsb	Innovus Implementation System Basic	21.1	Denied
		fexl	First Encounter XL	21.1	Denied
		vdixl	Virtuoso Digital Implementation XL	21.1	Denied
		vdi	Virtuoso Digital Implementation	21.1	Denied
		fel	First Encounter L	21.1	Denied
		License checkout failed ... Still trying ...

		License wait time (0 minutes) has expired.
		Use `-wait <t>` at command line for more wait time.
		No valid licenses available at this time. Use "lmstat -a" to check availability and usage of licenses.


Cadence Innovus(TM) Implementation System.
Copyright 2021 Cadence Design Systems, Inc. All rights reserved worldwide.

Version:	v21.19-s058_1, built Thu Apr 4 09:59:17 PDT 2024
Options:	-stylus -no_gui -batch -files ../../../scr/pnr_partition.tcl -log ../../../../phy/log/pnr_Silago_top_right_corner_AVF_RCTYP.constr.pt_.log 
Date:		Tue Dec 30 13:26:41 2025
Host:		il2225ht25_jacome (x86_64 w/Linux 5.15.0-164-generic) (12cores*48cpus*Intel(R) Xeon(R) CPU E7-8857 v2 @ 3.00GHz 30720KB)
OS:		Rocky Linux 8.10 (Green Obsidian)

License:
		[13:26:41.443788] Configured Lic search path (21.01-s002): 27020@lic04.ug.kth.se:27020@lic05.ug.kth.se:3000@lic08.ug.kth.se:29000@lic06.ug.kth.se

		invs	Innovus Implementation System	21.1	Denied
		invsb	Innovus Implementation System Basic	21.1	Denied
		fexl	First Encounter XL	21.1	Denied
		vdixl	Virtuoso Digital Implementation XL	21.1	Denied
		vdi	Virtuoso Digital Implementation	21.1	Denied
		fel	First Encounter L	21.1	Denied
		License checkout failed ... Still trying ...

		License wait time (0 minutes) has expired.
		Use `-wait <t>` at command line for more wait time.
		No valid licenses available at this time. Use "lmstat -a" to check availability and usage of licenses.


Cadence Innovus(TM) Implementation System.
Copyright 2021 Cadence Design Systems, Inc. All rights reserved worldwide.

Version:	v21.19-s058_1, built Thu Apr 4 09:59:17 PDT 2024
Options:	-stylus -no_gui -batch -files ../../../scr/pnr_partition.tcl -log ../../../../phy/log/pnr_vbin_.log 
Date:		Tue Dec 30 13:26:41 2025
Host:		il2225ht25_jacome (x86_64 w/Linux 5.15.0-164-generic) (12cores*48cpus*Intel(R) Xeon(R) CPU E7-8857 v2 @ 3.00GHz 30720KB)
OS:		Rocky Linux 8.10 (Green Obsidian)

License:
		[13:26:41.443788] Configured Lic search path (21.01-s002): 27020@lic04.ug.kth.se:27020@lic05.ug.kth.se:3000@lic08.ug.kth.se:29000@lic06.ug.kth.se

		invs	Innovus Implementation System	21.1	Denied
		invsb	Innovus Implementation System Basic	21.1	Denied
		fexl	First Encounter XL	21.1	Denied
		vdixl	Virtuoso Digital Implementation XL	21.1	Denied
		vdi	Virtuoso Digital Implementation	21.1	Denied
		fel	First Encounter L	21.1	Denied
		License checkout failed ... Still trying ...

		License wait time (0 minutes) has expired.
		Use `-wait <t>` at command line for more wait time.
		No valid licenses available at this time. Use "lmstat -a" to check availability and usage of licenses.


Cadence Innovus(TM) Implementation System.
Copyright 2021 Cadence Design Systems, Inc. All rights reserved worldwide.

Version:	v21.19-s058_1, built Thu Apr 4 09:59:17 PDT 2024
Options:	-stylus -no_gui -batch -files ../../../scr/pnr_partition.tcl -log ../../../../phy/log/pnr_Silago_top_right_corner_AVF_RCWORST.lib_.log 
Date:		Tue Dec 30 13:26:41 2025
Host:		il2225ht25_jacome (x86_64 w/Linux 5.15.0-164-generic) (12cores*48cpus*Intel(R) Xeon(R) CPU E7-8857 v2 @ 3.00GHz 30720KB)
OS:		Rocky Linux 8.10 (Green Obsidian)

License:
		[13:26:41.443788] Configured Lic search path (21.01-s002): 27020@lic04.ug.kth.se:27020@lic05.ug.kth.se:3000@lic08.ug.kth.se:29000@lic06.ug.kth.se

		invs	Innovus Implementation System	21.1	Denied
		invsb	Innovus Implementation System Basic	21.1	Denied
		fexl	First Encounter XL	21.1	Denied
		vdixl	Virtuoso Digital Implementation XL	21.1	Denied
		vdi	Virtuoso Digital Implementation	21.1	Denied
		fel	First Encounter L	21.1	Denied
		License checkout failed ... Still trying ...

		License wait time (0 minutes) has expired.
		Use `-wait <t>` at command line for more wait time.
		No valid licenses available at this time. Use "lmstat -a" to check availability and usage of licenses.


Cadence Innovus(TM) Implementation System.
Copyright 2021 Cadence Design Systems, Inc. All rights reserved worldwide.

Version:	v21.19-s058_1, built Thu Apr 4 09:59:17 PDT 2024
Options:	-stylus -no_gui -batch -files ../../../scr/pnr_partition.tcl -log ../../../../phy/log/pnr_Silago_top_left_corner.partition.lef_.log 
Date:		Tue Dec 30 13:26:41 2025
Host:		il2225ht25_jacome (x86_64 w/Linux 5.15.0-164-generic) (12cores*48cpus*Intel(R) Xeon(R) CPU E7-8857 v2 @ 3.00GHz 30720KB)
OS:		Rocky Linux 8.10 (Green Obsidian)

License:
		[13:26:41.443788] Configured Lic search path (21.01-s002): 27020@lic04.ug.kth.se:27020@lic05.ug.kth.se:3000@lic08.ug.kth.se:29000@lic06.ug.kth.se

		invs	Innovus Implementation System	21.1	Denied
		invsb	Innovus Implementation System Basic	21.1	Denied
		fexl	First Encounter XL	21.1	Denied
		vdixl	Virtuoso Digital Implementation XL	21.1	Denied
		vdi	Virtuoso Digital Implementation	21.1	Denied
		fel	First Encounter L	21.1	Denied
		License checkout failed ... Still trying ...

		License wait time (0 minutes) has expired.
		Use `-wait <t>` at command line for more wait time.
		No valid licenses available at this time. Use "lmstat -a" to check availability and usage of licenses.


Cadence Innovus(TM) Implementation System.
Copyright 2021 Cadence Design Systems, Inc. All rights reserved worldwide.

Version:	v21.19-s058_1, built Thu Apr 4 09:59:17 PDT 2024
Options:	-stylus -no_gui -batch -files ../../../scr/pnr_partition.tcl -log ../../../../phy/log/pnr_Silago_top_3_AVF_RCTYP.lib_.log 
Date:		Tue Dec 30 13:26:40 2025
Host:		il2225ht25_jacome (x86_64 w/Linux 5.15.0-164-generic) (12cores*48cpus*Intel(R) Xeon(R) CPU E7-8857 v2 @ 3.00GHz 30720KB)
OS:		Rocky Linux 8.10 (Green Obsidian)

License:
		[13:26:41.443788] Configured Lic search path (21.01-s002): 27020@lic04.ug.kth.se:27020@lic05.ug.kth.se:3000@lic08.ug.kth.se:29000@lic06.ug.kth.se

		invs	Innovus Implementation System	21.1	Denied
		invsb	Innovus Implementation System Basic	21.1	Denied
		fexl	First Encounter XL	21.1	Denied
		vdixl	Virtuoso Digital Implementation XL	21.1	Denied
		vdi	Virtuoso Digital Implementation	21.1	Denied
		fel	First Encounter L	21.1	Denied
		License checkout failed ... Still trying ...

		License wait time (0 minutes) has expired.
		Use `-wait <t>` at command line for more wait time.
		No valid licenses available at this time. Use "lmstat -a" to check availability and usage of licenses.


Cadence Innovus(TM) Implementation System.
Copyright 2021 Cadence Design Systems, Inc. All rights reserved worldwide.

Version:	v21.19-s058_1, built Thu Apr 4 09:59:17 PDT 2024
Options:	-stylus -no_gui -batch -files ../../../scr/pnr_partition.tcl -log ../../../../phy/log/pnr_Silago_top_left_corner_AVF_RCBEST.lib_.log 
Date:		Tue Dec 30 13:26:41 2025
Host:		il2225ht25_jacome (x86_64 w/Linux 5.15.0-164-generic) (12cores*48cpus*Intel(R) Xeon(R) CPU E7-8857 v2 @ 3.00GHz 30720KB)
OS:		Rocky Linux 8.10 (Green Obsidian)

License:
		[13:26:41.443788] Configured Lic search path (21.01-s002): 27020@lic04.ug.kth.se:27020@lic05.ug.kth.se:3000@lic08.ug.kth.se:29000@lic06.ug.kth.se

		invs	Innovus Implementation System	21.1	Denied
		invsb	Innovus Implementation System Basic	21.1	Denied
		fexl	First Encounter XL	21.1	Denied
		vdixl	Virtuoso Digital Implementation XL	21.1	Denied
		vdi	Virtuoso Digital Implementation	21.1	Denied
		fel	First Encounter L	21.1	Denied
		License checkout failed ... Still trying ...

		License wait time (0 minutes) has expired.
		Use `-wait <t>` at command line for more wait time.
		No valid licenses available at this time. Use "lmstat -a" to check availability and usage of licenses.


Cadence Innovus(TM) Implementation System.
Copyright 2021 Cadence Design Systems, Inc. All rights reserved worldwide.

Version:	v21.19-s058_1, built Thu Apr 4 09:59:17 PDT 2024
Options:	-stylus -no_gui -batch -files ../../../scr/pnr_partition.tcl -log ../../../../phy/log/pnr_Silago_top_0_AVF_RCWORST.lib_.log 
Date:		Tue Dec 30 13:26:41 2025
Host:		il2225ht25_jacome (x86_64 w/Linux 5.15.0-164-generic) (12cores*48cpus*Intel(R) Xeon(R) CPU E7-8857 v2 @ 3.00GHz 30720KB)
OS:		Rocky Linux 8.10 (Green Obsidian)

License:
		[13:26:41.443788] Configured Lic search path (21.01-s002): 27020@lic04.ug.kth.se:27020@lic05.ug.kth.se:3000@lic08.ug.kth.se:29000@lic06.ug.kth.se

		invs	Innovus Implementation System	21.1	Denied
		invsb	Innovus Implementation System Basic	21.1	Denied
		fexl	First Encounter XL	21.1	Denied
		vdixl	Virtuoso Digital Implementation XL	21.1	Denied
		vdi	Virtuoso Digital Implementation	21.1	Denied
		fel	First Encounter L	21.1	Denied
		License checkout failed ... Still trying ...

		License wait time (0 minutes) has expired.
		Use `-wait <t>` at command line for more wait time.
		No valid licenses available at this time. Use "lmstat -a" to check availability and usage of licenses.


Cadence Innovus(TM) Implementation System.
Copyright 2021 Cadence Design Systems, Inc. All rights reserved worldwide.

Version:	v21.19-s058_1, built Thu Apr 4 09:59:17 PDT 2024
Options:	-stylus -no_gui -batch -files ../../../scr/pnr_partition.tcl -log ../../../../phy/log/pnr_Silago_top_0.partition.lef_.log 
Date:		Tue Dec 30 13:26:40 2025
Host:		il2225ht25_jacome (x86_64 w/Linux 5.15.0-164-generic) (12cores*48cpus*Intel(R) Xeon(R) CPU E7-8857 v2 @ 3.00GHz 30720KB)
OS:		Rocky Linux 8.10 (Green Obsidian)

License:
		[13:26:40.443780] Configured Lic search path (21.01-s002): 27020@lic04.ug.kth.se:27020@lic05.ug.kth.se:3000@lic08.ug.kth.se:29000@lic06.ug.kth.se

		invs	Innovus Implementation System	21.1	Denied
		invsb	Innovus Implementation System Basic	21.1	Denied
		fexl	First Encounter XL	21.1	Denied
		vdixl	Virtuoso Digital Implementation XL	21.1	Denied
		vdi	Virtuoso Digital Implementation	21.1	Denied
		fel	First Encounter L	21.1	Denied
		License checkout failed ... Still trying ...

		License wait time (0 minutes) has expired.
		Use `-wait <t>` at command line for more wait time.
		No valid licenses available at this time. Use "lmstat -a" to check availability and usage of licenses.


Cadence Innovus(TM) Implementation System.
Copyright 2021 Cadence Design Systems, Inc. All rights reserved worldwide.

Version:	v21.19-s058_1, built Thu Apr 4 09:59:17 PDT 2024
Options:	-stylus -no_gui -batch -files ../../../scr/pnr_partition.tcl -log ../../../../phy/log/pnr_Silago_top_3.partition.lef_.log 
Date:		Tue Dec 30 13:26:41 2025
Host:		il2225ht25_jacome (x86_64 w/Linux 5.15.0-164-generic) (12cores*48cpus*Intel(R) Xeon(R) CPU E7-8857 v2 @ 3.00GHz 30720KB)
OS:		Rocky Linux 8.10 (Green Obsidian)

License:
		[13:26:41.443788] Configured Lic search path (21.01-s002): 27020@lic04.ug.kth.se:27020@lic05.ug.kth.se:3000@lic08.ug.kth.se:29000@lic06.ug.kth.se

		invs	Innovus Implementation System	21.1	Denied
		invsb	Innovus Implementation System Basic	21.1	Denied
		fexl	First Encounter XL	21.1	Denied
		vdixl	Virtuoso Digital Implementation XL	21.1	Denied
		vdi	Virtuoso Digital Implementation	21.1	Denied
		fel	First Encounter L	21.1	Denied
		License checkout failed ... Still trying ...

		License wait time (0 minutes) has expired.
		Use `-wait <t>` at command line for more wait time.
		No valid licenses available at this time. Use "lmstat -a" to check availability and usage of licenses.


Cadence Innovus(TM) Implementation System.
Copyright 2021 Cadence Design Systems, Inc. All rights reserved worldwide.

Version:	v21.19-s058_1, built Thu Apr 4 09:59:17 PDT 2024
Options:	-stylus -no_gui -batch -files ../../../scr/pnr_partition.tcl -log ../../../../phy/log/pnr_flow_.log 
Date:		Tue Dec 30 13:26:41 2025
Host:		il2225ht25_jacome (x86_64 w/Linux 5.15.0-164-generic) (12cores*48cpus*Intel(R) Xeon(R) CPU E7-8857 v2 @ 3.00GHz 30720KB)
OS:		Rocky Linux 8.10 (Green Obsidian)

License:
		[13:26:41.443788] Configured Lic search path (21.01-s002): 27020@lic04.ug.kth.se:27020@lic05.ug.kth.se:3000@lic08.ug.kth.se:29000@lic06.ug.kth.se

		invs	Innovus Implementation System	21.1	Denied
		invsb	Innovus Implementation System Basic	21.1	Denied
		fexl	First Encounter XL	21.1	Denied
		vdixl	Virtuoso Digital Implementation XL	21.1	Denied
		vdi	Virtuoso Digital Implementation	21.1	Denied
		fel	First Encounter L	21.1	Denied
		License checkout failed ... Still trying ...

		License wait time (0 minutes) has expired.
		Use `-wait <t>` at command line for more wait time.
		No valid licenses available at this time. Use "lmstat -a" to check availability and usage of licenses.


Cadence Innovus(TM) Implementation System.
Copyright 2021 Cadence Design Systems, Inc. All rights reserved worldwide.

Version:	v21.19-s058_1, built Thu Apr 4 09:59:17 PDT 2024
Options:	-stylus -no_gui -batch -files ../../../scr/pnr_partition.tcl -log ../../../../phy/log/pnr_Silago_top_left_corner_AVF_RCTYP.lib_.log 
Date:		Tue Dec 30 13:26:41 2025
Host:		il2225ht25_jacome (x86_64 w/Linux 5.15.0-164-generic) (12cores*48cpus*Intel(R) Xeon(R) CPU E7-8857 v2 @ 3.00GHz 30720KB)
OS:		Rocky Linux 8.10 (Green Obsidian)

License:
		[13:26:41.443788] Configured Lic search path (21.01-s002): 27020@lic04.ug.kth.se:27020@lic05.ug.kth.se:3000@lic08.ug.kth.se:29000@lic06.ug.kth.se

		invs	Innovus Implementation System	21.1	Denied
		invsb	Innovus Implementation System Basic	21.1	Denied
		fexl	First Encounter XL	21.1	Denied
		vdixl	Virtuoso Digital Implementation XL	21.1	Denied
		vdi	Virtuoso Digital Implementation	21.1	Denied
		fel	First Encounter L	21.1	Denied
		License checkout failed ... Still trying ...

		License wait time (0 minutes) has expired.
		Use `-wait <t>` at command line for more wait time.
		No valid licenses available at this time. Use "lmstat -a" to check availability and usage of licenses.


Cadence Innovus(TM) Implementation System.
Copyright 2021 Cadence Design Systems, Inc. All rights reserved worldwide.

Version:	v21.19-s058_1, built Thu Apr 4 09:59:17 PDT 2024
Options:	-stylus -no_gui -batch -files ../../../scr/pnr_partition.tcl -log ../../../../phy/log/pnr_flowstep_.log 
Date:		Tue Dec 30 13:26:41 2025
Host:		il2225ht25_jacome (x86_64 w/Linux 5.15.0-164-generic) (12cores*48cpus*Intel(R) Xeon(R) CPU E7-8857 v2 @ 3.00GHz 30720KB)
OS:		Rocky Linux 8.10 (Green Obsidian)

License:
		[13:26:41.443788] Configured Lic search path (21.01-s002): 27020@lic04.ug.kth.se:27020@lic05.ug.kth.se:3000@lic08.ug.kth.se:29000@lic06.ug.kth.se

		invs	Innovus Implementation System	21.1	Denied
		invsb	Innovus Implementation System Basic	21.1	Denied
		fexl	First Encounter XL	21.1	Denied
		vdixl	Virtuoso Digital Implementation XL	21.1	Denied
		vdi	Virtuoso Digital Implementation	21.1	Denied
		fel	First Encounter L	21.1	Denied
		License checkout failed ... Still trying ...

		License wait time (0 minutes) has expired.
		Use `-wait <t>` at command line for more wait time.
		No valid licenses available at this time. Use "lmstat -a" to check availability and usage of licenses.


Cadence Innovus(TM) Implementation System.
Copyright 2021 Cadence Design Systems, Inc. All rights reserved worldwide.

Version:	v21.19-s058_1, built Thu Apr 4 09:59:17 PDT 2024
Options:	-stylus -no_gui -batch -files ../../../scr/pnr_partition.tcl -log ../../../../phy/log/pnr_Silago_top_4_AVF_RCTYP.lib_.log 
Date:		Tue Dec 30 13:26:43 2025
Host:		il2225ht25_jacome (x86_64 w/Linux 5.15.0-164-generic) (12cores*48cpus*Intel(R) Xeon(R) CPU E7-8857 v2 @ 3.00GHz 30720KB)
OS:		Rocky Linux 8.10 (Green Obsidian)

License:
		[13:26:44.443812] Configured Lic search path (21.01-s002): 27020@lic04.ug.kth.se:27020@lic05.ug.kth.se:3000@lic08.ug.kth.se:29000@lic06.ug.kth.se

		invs	Innovus Implementation System	21.1	checkout succeeded
		8 CPU jobs allowed with the current license(s). Use set_multi_cpu_usage to set your required CPU count.

Cadence Innovus(TM) Implementation System.
Copyright 2021 Cadence Design Systems, Inc. All rights reserved worldwide.

Version:	v21.19-s058_1, built Thu Apr 4 09:59:17 PDT 2024
Options:	-stylus -no_gui -batch -files ../../../scr/pnr_partition.tcl -log ../../../../phy/log/pnr_root.post_.log 
Date:		Tue Dec 30 13:26:41 2025
Host:		il2225ht25_jacome (x86_64 w/Linux 5.15.0-164-generic) (12cores*48cpus*Intel(R) Xeon(R) CPU E7-8857 v2 @ 3.00GHz 30720KB)
OS:		Rocky Linux 8.10 (Green Obsidian)

License:
		[13:26:41.443788] Configured Lic search path (21.01-s002): 27020@lic04.ug.kth.se:27020@lic05.ug.kth.se:3000@lic08.ug.kth.se:29000@lic06.ug.kth.se

		invs	Innovus Implementation System	21.1	Denied
		invsb	Innovus Implementation System Basic	21.1	Denied
		fexl	First Encounter XL	21.1	Denied
		vdixl	Virtuoso Digital Implementation XL	21.1	Denied
		vdi	Virtuoso Digital Implementation	21.1	Denied
		fel	First Encounter L	21.1	Denied
		License checkout failed ... Still trying ...

		License wait time (0 minutes) has expired.
		Use `-wait <t>` at command line for more wait time.
		No valid licenses available at this time. Use "lmstat -a" to check availability and usage of licenses.


Cadence Innovus(TM) Implementation System.
Copyright 2021 Cadence Design Systems, Inc. All rights reserved worldwide.

Version:	v21.19-s058_1, built Thu Apr 4 09:59:17 PDT 2024
Options:	-stylus -no_gui -batch -files ../../../scr/pnr_partition.tcl -log ../../../../phy/log/pnr_Silago_top_2_AVF_RCTYP.lib_.log 
Date:		Tue Dec 30 13:26:42 2025
Host:		il2225ht25_jacome (x86_64 w/Linux 5.15.0-164-generic) (12cores*48cpus*Intel(R) Xeon(R) CPU E7-8857 v2 @ 3.00GHz 30720KB)
OS:		Rocky Linux 8.10 (Green Obsidian)

License:
		[13:26:42.443796] Configured Lic search path (21.01-s002): 27020@lic04.ug.kth.se:27020@lic05.ug.kth.se:3000@lic08.ug.kth.se:29000@lic06.ug.kth.se

		invs	Innovus Implementation System	21.1	Denied
		invsb	Innovus Implementation System Basic	21.1	Denied
		fexl	First Encounter XL	21.1	Denied
		vdixl	Virtuoso Digital Implementation XL	21.1	Denied
		vdi	Virtuoso Digital Implementation	21.1	Denied
		fel	First Encounter L	21.1	Denied
		License checkout failed ... Still trying ...

		License wait time (0 minutes) has expired.
		Use `-wait <t>` at command line for more wait time.
		No valid licenses available at this time. Use "lmstat -a" to check availability and usage of licenses.


Cadence Innovus(TM) Implementation System.
Copyright 2021 Cadence Design Systems, Inc. All rights reserved worldwide.

Version:	v21.19-s058_1, built Thu Apr 4 09:59:17 PDT 2024
Options:	-stylus -no_gui -batch -files ../../../scr/pnr_partition.tcl -log ../../../../phy/log/pnr_Silago_top_left_corner_AVF_RCWORST.lib_.log 
Date:		Tue Dec 30 13:26:42 2025
Host:		il2225ht25_jacome (x86_64 w/Linux 5.15.0-164-generic) (12cores*48cpus*Intel(R) Xeon(R) CPU E7-8857 v2 @ 3.00GHz 30720KB)
OS:		Rocky Linux 8.10 (Green Obsidian)

License:
		[13:26:42.443796] Configured Lic search path (21.01-s002): 27020@lic04.ug.kth.se:27020@lic05.ug.kth.se:3000@lic08.ug.kth.se:29000@lic06.ug.kth.se

		invs	Innovus Implementation System	21.1	Denied
		invsb	Innovus Implementation System Basic	21.1	Denied
		fexl	First Encounter XL	21.1	Denied
		vdixl	Virtuoso Digital Implementation XL	21.1	Denied
		vdi	Virtuoso Digital Implementation	21.1	Denied
		fel	First Encounter L	21.1	Denied
		License checkout failed ... Still trying ...

		License wait time (0 minutes) has expired.
		Use `-wait <t>` at command line for more wait time.
		No valid licenses available at this time. Use "lmstat -a" to check availability and usage of licenses.


Cadence Innovus(TM) Implementation System.
Copyright 2021 Cadence Design Systems, Inc. All rights reserved worldwide.

Version:	v21.19-s058_1, built Thu Apr 4 09:59:17 PDT 2024
Options:	-stylus -no_gui -batch -files ../../../scr/pnr_partition.tcl -log ../../../../phy/log/pnr_vbin_.log 
Date:		Tue Dec 30 13:26:45 2025
Host:		il2225ht25_jacome (x86_64 w/Linux 5.15.0-164-generic) (12cores*48cpus*Intel(R) Xeon(R) CPU E7-8857 v2 @ 3.00GHz 30720KB)
OS:		Rocky Linux 8.10 (Green Obsidian)

License:
		[13:26:45.443820] Configured Lic search path (21.01-s002): 27020@lic04.ug.kth.se:27020@lic05.ug.kth.se:3000@lic08.ug.kth.se:29000@lic06.ug.kth.se

		invs	Innovus Implementation System	21.1	Denied
		invsb	Innovus Implementation System Basic	21.1	Denied
		fexl	First Encounter XL	21.1	Denied
		vdixl	Virtuoso Digital Implementation XL	21.1	Denied
		vdi	Virtuoso Digital Implementation	21.1	checkout succeeded
		Maximum number of instances allowed (1 x 50000).

Cadence Innovus(TM) Implementation System.
Copyright 2021 Cadence Design Systems, Inc. All rights reserved worldwide.

Version:	v21.19-s058_1, built Thu Apr 4 09:59:17 PDT 2024
Options:	-stylus -no_gui -batch -files ../../../scr/pnr_partition.tcl -log ../../../../phy/log/pnr_flow_.log 
Date:		Tue Dec 30 13:26:43 2025
Host:		il2225ht25_jacome (x86_64 w/Linux 5.15.0-164-generic) (12cores*48cpus*Intel(R) Xeon(R) CPU E7-8857 v2 @ 3.00GHz 30720KB)
OS:		Rocky Linux 8.10 (Green Obsidian)

License:
		[13:26:43.443804] Configured Lic search path (21.01-s002): 27020@lic04.ug.kth.se:27020@lic05.ug.kth.se:3000@lic08.ug.kth.se:29000@lic06.ug.kth.se

		invs	Innovus Implementation System	21.1	Denied
		invsb	Innovus Implementation System Basic	21.1	Denied
		fexl	First Encounter XL	21.1	Denied
		vdixl	Virtuoso Digital Implementation XL	21.1	Denied
		vdi	Virtuoso Digital Implementation	21.1	Denied
		fel	First Encounter L	21.1	Denied
		License checkout failed ... Still trying ...

		License wait time (0 minutes) has expired.
		Use `-wait <t>` at command line for more wait time.
		No valid licenses available at this time. Use "lmstat -a" to check availability and usage of licenses.


Cadence Innovus(TM) Implementation System.
Copyright 2021 Cadence Design Systems, Inc. All rights reserved worldwide.

Version:	v21.19-s058_1, built Thu Apr 4 09:59:17 PDT 2024
Options:	-stylus -no_gui -batch -files ../../../scr/pnr_partition.tcl -log ../../../../phy/log/pnr_Silago_top_2_AVF_RCBEST.lib_.log 
Date:		Tue Dec 30 13:26:43 2025
Host:		il2225ht25_jacome (x86_64 w/Linux 5.15.0-164-generic) (12cores*48cpus*Intel(R) Xeon(R) CPU E7-8857 v2 @ 3.00GHz 30720KB)
OS:		Rocky Linux 8.10 (Green Obsidian)

License:
		[13:26:43.443804] Configured Lic search path (21.01-s002): 27020@lic04.ug.kth.se:27020@lic05.ug.kth.se:3000@lic08.ug.kth.se:29000@lic06.ug.kth.se

		invs	Innovus Implementation System	21.1	Denied
		invsb	Innovus Implementation System Basic	21.1	Denied
		fexl	First Encounter XL	21.1	Denied
		vdixl	Virtuoso Digital Implementation XL	21.1	Denied
		vdi	Virtuoso Digital Implementation	21.1	Denied
		fel	First Encounter L	21.1	Denied
		License checkout failed ... Still trying ...

		License wait time (0 minutes) has expired.
		Use `-wait <t>` at command line for more wait time.
		No valid licenses available at this time. Use "lmstat -a" to check availability and usage of licenses.


Cadence Innovus(TM) Implementation System.
Copyright 2021 Cadence Design Systems, Inc. All rights reserved worldwide.

Version:	v21.19-s058_1, built Thu Apr 4 09:59:17 PDT 2024
Options:	-stylus -no_gui -batch -files ../../../scr/pnr_partition.tcl -log ../../../../phy/log/pnr_Silago_bot_1.partition.lef_.log 
Date:		Tue Dec 30 13:26:43 2025
Host:		il2225ht25_jacome (x86_64 w/Linux 5.15.0-164-generic) (12cores*48cpus*Intel(R) Xeon(R) CPU E7-8857 v2 @ 3.00GHz 30720KB)
OS:		Rocky Linux 8.10 (Green Obsidian)

License:
		[13:26:43.443804] Configured Lic search path (21.01-s002): 27020@lic04.ug.kth.se:27020@lic05.ug.kth.se:3000@lic08.ug.kth.se:29000@lic06.ug.kth.se

		invs	Innovus Implementation System	21.1	Denied
		invsb	Innovus Implementation System Basic	21.1	Denied
		fexl	First Encounter XL	21.1	Denied
		vdixl	Virtuoso Digital Implementation XL	21.1	Denied
		vdi	Virtuoso Digital Implementation	21.1	Denied
		fel	First Encounter L	21.1	Denied
		License checkout failed ... Still trying ...

		License wait time (0 minutes) has expired.
		Use `-wait <t>` at command line for more wait time.
		No valid licenses available at this time. Use "lmstat -a" to check availability and usage of licenses.


Cadence Innovus(TM) Implementation System.
Copyright 2021 Cadence Design Systems, Inc. All rights reserved worldwide.

Version:	v21.19-s058_1, built Thu Apr 4 09:59:17 PDT 2024
Options:	-stylus -no_gui -batch -files ../../../scr/pnr_partition.tcl -log ../../../../phy/log/pnr_Silago_bot_5_AVF_RCWORST.lib_.log 
Date:		Tue Dec 30 13:26:46 2025
Host:		il2225ht25_jacome (x86_64 w/Linux 5.15.0-164-generic) (12cores*48cpus*Intel(R) Xeon(R) CPU E7-8857 v2 @ 3.00GHz 30720KB)
OS:		Rocky Linux 8.10 (Green Obsidian)

License:
		[13:26:46.443828] Configured Lic search path (21.01-s002): 27020@lic04.ug.kth.se:27020@lic05.ug.kth.se:3000@lic08.ug.kth.se:29000@lic06.ug.kth.se

		invs	Innovus Implementation System	21.1	checkout succeeded
		8 CPU jobs allowed with the current license(s). Use set_multi_cpu_usage to set your required CPU count.

Cadence Innovus(TM) Implementation System.
Copyright 2021 Cadence Design Systems, Inc. All rights reserved worldwide.

Version:	v21.19-s058_1, built Thu Apr 4 09:59:17 PDT 2024
Options:	-stylus -no_gui -batch -files ../../../scr/pnr_partition.tcl -log ../../../../phy/log/pnr_Silago_top_1_AVF_RCBEST.lib_.log 
Date:		Tue Dec 30 13:26:44 2025
Host:		il2225ht25_jacome (x86_64 w/Linux 5.15.0-164-generic) (12cores*48cpus*Intel(R) Xeon(R) CPU E7-8857 v2 @ 3.00GHz 30720KB)
OS:		Rocky Linux 8.10 (Green Obsidian)

License:
		[13:26:44.443812] Configured Lic search path (21.01-s002): 27020@lic04.ug.kth.se:27020@lic05.ug.kth.se:3000@lic08.ug.kth.se:29000@lic06.ug.kth.se

		invs	Innovus Implementation System	21.1	Denied
		invsb	Innovus Implementation System Basic	21.1	Denied
		fexl	First Encounter XL	21.1	Denied
		vdixl	Virtuoso Digital Implementation XL	21.1	Denied
		vdi	Virtuoso Digital Implementation	21.1	Denied
		fel	First Encounter L	21.1	Denied
		License checkout failed ... Still trying ...

		License wait time (0 minutes) has expired.
		Use `-wait <t>` at command line for more wait time.
		No valid licenses available at this time. Use "lmstat -a" to check availability and usage of licenses.


Cadence Innovus(TM) Implementation System.
Copyright 2021 Cadence Design Systems, Inc. All rights reserved worldwide.

Version:	v21.19-s058_1, built Thu Apr 4 09:59:17 PDT 2024
Options:	-stylus -no_gui -batch -files ../../../scr/pnr_partition.tcl -log ../../../../phy/log/pnr_Silago_top_right_corner_AVF_RCBEST.lib_.log 
Date:		Tue Dec 30 13:26:45 2025
Host:		il2225ht25_jacome (x86_64 w/Linux 5.15.0-164-generic) (12cores*48cpus*Intel(R) Xeon(R) CPU E7-8857 v2 @ 3.00GHz 30720KB)
OS:		Rocky Linux 8.10 (Green Obsidian)

License:
		[13:26:45.443820] Configured Lic search path (21.01-s002): 27020@lic04.ug.kth.se:27020@lic05.ug.kth.se:3000@lic08.ug.kth.se:29000@lic06.ug.kth.se

		invs	Innovus Implementation System	21.1	Denied
		invsb	Innovus Implementation System Basic	21.1	Denied
		fexl	First Encounter XL	21.1	Denied
		vdixl	Virtuoso Digital Implementation XL	21.1	Denied
		vdi	Virtuoso Digital Implementation	21.1	Denied
		fel	First Encounter L	21.1	Denied
		License checkout failed ... Still trying ...

		License wait time (0 minutes) has expired.
		Use `-wait <t>` at command line for more wait time.
		No valid licenses available at this time. Use "lmstat -a" to check availability and usage of licenses.


Cadence Innovus(TM) Implementation System.
Copyright 2021 Cadence Design Systems, Inc. All rights reserved worldwide.

Version:	v21.19-s058_1, built Thu Apr 4 09:59:17 PDT 2024
Options:	-stylus -no_gui -batch -files ../../../scr/pnr_partition.tcl -log ../../../../phy/log/pnr_Silago_top_right_corner.partition.lef_.log 
Date:		Tue Dec 30 13:26:46 2025
Host:		il2225ht25_jacome (x86_64 w/Linux 5.15.0-164-generic) (12cores*48cpus*Intel(R) Xeon(R) CPU E7-8857 v2 @ 3.00GHz 30720KB)
OS:		Rocky Linux 8.10 (Green Obsidian)

License:
		[13:26:46.443828] Configured Lic search path (21.01-s002): 27020@lic04.ug.kth.se:27020@lic05.ug.kth.se:3000@lic08.ug.kth.se:29000@lic06.ug.kth.se

		invs	Innovus Implementation System	21.1	Denied
		invsb	Innovus Implementation System Basic	21.1	Denied
		fexl	First Encounter XL	21.1	Denied
		vdixl	Virtuoso Digital Implementation XL	21.1	Denied
		vdi	Virtuoso Digital Implementation	21.1	Denied
		fel	First Encounter L	21.1	Denied
		License checkout failed ... Still trying ...

		License wait time (0 minutes) has expired.
		Use `-wait <t>` at command line for more wait time.
		No valid licenses available at this time. Use "lmstat -a" to check availability and usage of licenses.


Cadence Innovus(TM) Implementation System.
Copyright 2021 Cadence Design Systems, Inc. All rights reserved worldwide.

Version:	v21.19-s058_1, built Thu Apr 4 09:59:17 PDT 2024
Options:	-stylus -no_gui -batch -files ../../../scr/pnr_partition.tcl -log ../../../../phy/log/pnr_Silago_top_right_corner_AVF_RCTYP.lib_.log 
Date:		Tue Dec 30 13:26:49 2025
Host:		il2225ht25_jacome (x86_64 w/Linux 5.15.0-164-generic) (12cores*48cpus*Intel(R) Xeon(R) CPU E7-8857 v2 @ 3.00GHz 30720KB)
OS:		Rocky Linux 8.10 (Green Obsidian)

License:
		[13:26:49.443852] Configured Lic search path (21.01-s002): 27020@lic04.ug.kth.se:27020@lic05.ug.kth.se:3000@lic08.ug.kth.se:29000@lic06.ug.kth.se

		invs	Innovus Implementation System	21.1	checkout succeeded
		8 CPU jobs allowed with the current license(s). Use set_multi_cpu_usage to set your required CPU count.

Cadence Innovus(TM) Implementation System.
Copyright 2021 Cadence Design Systems, Inc. All rights reserved worldwide.

Version:	v21.19-s058_1, built Thu Apr 4 09:59:17 PDT 2024
Options:	-stylus -no_gui -batch -files ../../../scr/pnr_partition.tcl -log ../../../../phy/log/pnr_libs_.log 
Date:		Tue Dec 30 13:26:47 2025
Host:		il2225ht25_jacome (x86_64 w/Linux 5.15.0-164-generic) (12cores*48cpus*Intel(R) Xeon(R) CPU E7-8857 v2 @ 3.00GHz 30720KB)
OS:		Rocky Linux 8.10 (Green Obsidian)

License:
		[13:26:47.443836] Configured Lic search path (21.01-s002): 27020@lic04.ug.kth.se:27020@lic05.ug.kth.se:3000@lic08.ug.kth.se:29000@lic06.ug.kth.se

		invs	Innovus Implementation System	21.1	Denied
		invsb	Innovus Implementation System Basic	21.1	Denied
		fexl	First Encounter XL	21.1	Denied
		vdixl	Virtuoso Digital Implementation XL	21.1	Denied
		vdi	Virtuoso Digital Implementation	21.1	Denied
		fel	First Encounter L	21.1	Denied
		License checkout failed ... Still trying ...

		License wait time (0 minutes) has expired.
		Use `-wait <t>` at command line for more wait time.
		No valid licenses available at this time. Use "lmstat -a" to check availability and usage of licenses.


Cadence Innovus(TM) Implementation System.
Copyright 2021 Cadence Design Systems, Inc. All rights reserved worldwide.

Version:	v21.19-s058_1, built Thu Apr 4 09:59:17 PDT 2024
Options:	-stylus -no_gui -batch -files ../../../scr/pnr_partition.tcl -log ../../../../phy/log/pnr_mmmc_.log 
Date:		Tue Dec 30 13:26:51 2025
Host:		il2225ht25_jacome (x86_64 w/Linux 5.15.0-164-generic) (12cores*48cpus*Intel(R) Xeon(R) CPU E7-8857 v2 @ 3.00GHz 30720KB)
OS:		Rocky Linux 8.10 (Green Obsidian)

License:
		[13:26:51.443796] Configured Lic search path (21.01-s002): 27020@lic04.ug.kth.se:27020@lic05.ug.kth.se:3000@lic08.ug.kth.se:29000@lic06.ug.kth.se

		invs	Innovus Implementation System	21.1	Denied
		invsb	Innovus Implementation System Basic	21.1	Denied
		fexl	First Encounter XL	21.1	Denied
		vdixl	Virtuoso Digital Implementation XL	21.1	Denied
		vdi	Virtuoso Digital Implementation	21.1	Denied
		fel	First Encounter L	21.1	Denied
		License checkout failed ... Still trying ...

		License wait time (0 minutes) has expired.
		Use `-wait <t>` at command line for more wait time.
		No valid licenses available at this time. Use "lmstat -a" to check availability and usage of licenses.



**WARN: (IMPOPT-801):	Genus executable not found in PATH. Install Genus, add the path to the genus executable in the PATH variable and rerun Innovus.
Create and set the environment variable TMPDIR to /tmp/innovus_temp_420873_il2225ht25_jacome_jacome_LjnqWG.

Change the soft stacksize limit to 0.2%RAM (6192 mbytes). Set global soft_stack_size_limit to change the value.

**INFO:  MMMC transition support version v31-84 

#@ Processing -files option
**ERROR: (IMPSYT-6696):	Initfile (../../../scr/pnr_partition.tcl) does not exist.

*** Memory Usage v#1 (Current mem = 939.848M, initial mem = 494.961M) ***
*** Message Summary: 1 warning(s), 1 error(s)

--- Ending "Innovus" (totcpu=0:00:22.5, real=0:00:37.0, mem=939.8M) ---
Lic Summary:
[13:27:15.139426] Cdslmd servers: lic08
[13:27:15.139450] Feature usage summary:
[13:27:15.139451] Innovus_Impl_System






**WARN: (IMPOPT-801):	Genus executable not found in PATH. Install Genus, add the path to the genus executable in the PATH variable and rerun Innovus.


Create and set the environment variable TMPDIR to /tmp/innovus_temp_424915_il2225ht25_jacome_jacome_e4q2SH.

Change the soft stacksize limit to 0.2%RAM (6192 mbytes). Set global soft_stack_size_limit to change the value.

**INFO:  MMMC transition support version v31-84 

#@ Processing -files option
**ERROR: (IMPSYT-6696):	Initfile (../../../scr/pnr_partition.tcl) does not exist.

*** Memory Usage v#1 (Current mem = 946.863M, initial mem = 494.961M) ***
*** Message Summary: 1 warning(s), 1 error(s)

--- Ending "Innovus" (totcpu=0:00:22.5, real=0:00:48.0, mem=946.9M) ---
Lic Summary:
[13:27:30.301578] Cdslmd servers: lic08
[13:27:30.301594] Feature usage summary:
[13:27:30.301600] Virtuoso_Digital_Implem


**WARN: (IMPOPT-801):	Genus executable not found in PATH. Install Genus, add the path to the genus executable in the PATH variable and rerun Innovus.
Create and set the environment variable TMPDIR to /tmp/innovus_temp_426991_il2225ht25_jacome_jacome_NmJbi4.

Change the soft stacksize limit to 0.2%RAM (6192 mbytes). Set global soft_stack_size_limit to change the value.
**WARN: (IMPOPT-801):	Genus executable not found in PATH. Install Genus, add the path to the genus executable in the PATH variable and rerun Innovus.

**INFO:  MMMC transition support version v31-84 

#@ Processing -files option
**ERROR: (IMPSYT-6696):	Initfile (../../../scr/pnr_partition.tcl) does not exist.

*** Memory Usage v#1 (Current mem = 938.863M, initial mem = 494.961M) ***
*** Message Summary: 1 warning(s), 1 error(s)

--- Ending "Innovus" (totcpu=0:00:24.7, real=0:01:03, mem=938.9M) ---
Lic Summary:
[13:27:44.070848] Cdslmd servers: lic08
[13:27:44.070865] Feature usage summary:
[13:27:44.070866] Innovus_Impl_System


Create and set the environment variable TMPDIR to /tmp/innovus_temp_422798_il2225ht25_jacome_jacome_Y8IFxf.

Change the soft stacksize limit to 0.2%RAM (6192 mbytes). Set global soft_stack_size_limit to change the value.

**INFO:  MMMC transition support version v31-84 

#@ Processing -files option
**ERROR: (IMPSYT-6696):	Initfile (../../../scr/pnr_partition.tcl) does not exist.

*** Memory Usage v#1 (Current mem = 938.848M, initial mem = 494.961M) ***
*** Message Summary: 1 warning(s), 1 error(s)

--- Ending "Innovus" (totcpu=0:00:24.6, real=0:01:01, mem=938.8M) ---
Lic Summary:
[13:27:47.412947] Cdslmd servers: lic08
[13:27:47.412963] Feature usage summary:
[13:27:47.412963] Innovus_Impl_System






**WARN: (IMPOPT-801):	Genus executable not found in PATH. Install Genus, add the path to the genus executable in the PATH variable and rerun Innovus.
**WARN: (IMPOPT-801):	Genus executable not found in PATH. Install Genus, add the path to the genus executable in the PATH variable and rerun Innovus.
Create and set the environment variable TMPDIR to /tmp/innovus_temp_416442_il2225ht25_jacome_jacome_VGWUm1.

Create and set the environment variable TMPDIR to /tmp/innovus_temp_426657_il2225ht25_jacome_jacome_tX71j5.

Change the soft stacksize limit to 0.2%RAM (6192 mbytes). Set global soft_stack_size_limit to change the value.
Change the soft stacksize limit to 0.2%RAM (6192 mbytes). Set global soft_stack_size_limit to change the value.

**INFO:  MMMC transition support version v31-84 


**INFO:  MMMC transition support version v31-84 

#@ Processing -files option
**ERROR: (IMPSYT-6696):	Initfile (../../../scr/pnr_partition.tcl) does not exist.

*** Memory Usage v#1 (Current mem = 946.848M, initial mem = 494.961M) ***
#@ Processing -files option
**ERROR: (IMPSYT-6696):	Initfile (../../../scr/pnr_partition.tcl) does not exist.

*** Memory Usage v#1 (Current mem = 936.777M, initial mem = 494.961M) ***
*** Message Summary: 1 warning(s), 1 error(s)

--- Ending "Innovus" (totcpu=0:00:24.0, real=0:01:48, mem=946.8M) ---
*** Message Summary: 1 warning(s), 1 error(s)

--- Ending "Innovus" (totcpu=0:00:24.2, real=0:01:46, mem=936.8M) ---
Lic Summary:
[13:28:31.366971] Cdslmd servers: lic08
[13:28:31.366986] Feature usage summary:
[13:28:31.366987] Innovus_Impl_System


Lic Summary:
[13:28:31.376977] Cdslmd servers: lic08
[13:28:31.377002] Feature usage summary:
[13:28:31.377003] Virtuoso_Digital_Implem








**WARN: (IMPOPT-801):	Genus executable not found in PATH. Install Genus, add the path to the genus executable in the PATH variable and rerun Innovus.
Create and set the environment variable TMPDIR to /tmp/innovus_temp_421090_il2225ht25_jacome_jacome_ZWF6FS.

Change the soft stacksize limit to 0.2%RAM (6192 mbytes). Set global soft_stack_size_limit to change the value.

**INFO:  MMMC transition support version v31-84 

#@ Processing -files option
**ERROR: (IMPSYT-6696):	Initfile (../../../scr/pnr_partition.tcl) does not exist.

*** Memory Usage v#1 (Current mem = 946.840M, initial mem = 494.961M) ***
*** Message Summary: 1 warning(s), 1 error(s)

--- Ending "Innovus" (totcpu=0:00:24.3, real=0:02:19, mem=946.8M) ---
Lic Summary:
[13:28:56.312410] Cdslmd servers: lic08
[13:28:56.312426] Feature usage summary:
[13:28:56.312427] Innovus_Impl_System


**WARN: (IMPOPT-801):	Genus executable not found in PATH. Install Genus, add the path to the genus executable in the PATH variable and rerun Innovus.
**WARN: (IMPOPT-801):	Genus executable not found in PATH. Install Genus, add the path to the genus executable in the PATH variable and rerun Innovus.
Create and set the environment variable TMPDIR to /tmp/innovus_temp_423672_il2225ht25_jacome_jacome_aiARlU.

Change the soft stacksize limit to 0.2%RAM (6192 mbytes). Set global soft_stack_size_limit to change the value.
Create and set the environment variable TMPDIR to /tmp/innovus_temp_427874_il2225ht25_jacome_jacome_hyd1DX.

Change the soft stacksize limit to 0.2%RAM (6192 mbytes). Set global soft_stack_size_limit to change the value.

**INFO:  MMMC transition support version v31-84 

#@ Processing -files option
**ERROR: (IMPSYT-6696):	Initfile (../../../scr/pnr_partition.tcl) does not exist.

*** Memory Usage v#1 (Current mem = 946.863M, initial mem = 494.961M) ***
*** Message Summary: 1 warning(s), 1 error(s)

--- Ending "Innovus" (totcpu=0:00:24.5, real=0:02:19, mem=946.9M) ---
Lic Summary:
[13:29:02.353865] Cdslmd servers: lic08
[13:29:02.353883] Feature usage summary:
[13:29:02.353888] Innovus_Impl_System



**INFO:  MMMC transition support version v31-84 

#@ Processing -files option
**ERROR: (IMPSYT-6696):	Initfile (../../../scr/pnr_partition.tcl) does not exist.

*** Memory Usage v#1 (Current mem = 947.730M, initial mem = 502.961M) ***
*** Message Summary: 1 warning(s), 1 error(s)

--- Ending "Innovus" (totcpu=0:00:24.7, real=0:02:14, mem=947.7M) ---
Lic Summary:
[13:29:03.217121] Cdslmd servers: lic08
[13:29:03.217138] Feature usage summary:
[13:29:03.217139] Innovus_Impl_System


